{
    "initialCoverSize": 45,
    "times": [
        1340084,
        2565962,
        3791097,
        4982707,
        6142718,
        7325090,
        8534710,
        9729708,
        10917100,
        12109953,
        13402657,
        14560999,
        15770262,
        16983829,
        18151298,
        19240347,
        20370703,
        21638459
    ],
    "finalCoverSize": 12,
    "values": [
        16,
        15,
        14,
        13,
        13,
        13,
        12,
        12,
        12,
        11.666666666666666,
        11,
        11,
        11,
        10.666666666666666,
        10.666666666666666,
        10.666666666666666,
        10.666666666666666,
        10.5
    ],
    "initialCoverSeg": 4,
    "greedyCoverSize": 11,
    "runtime": 33020330,
    "lpBound": 10.5
}