{
    "initialCoverSize": 72,
    "times": [
        2654968,
        4415298,
        5707084,
        7022233,
        8151233,
        9027187,
        9835835,
        10623789,
        11433560,
        12211351,
        13495380,
        14844021,
        16177290,
        17577077,
        18903390,
        20301318,
        21678038,
        23163211,
        24526290,
        25951884,
        27204135
    ],
    "finalCoverSize": 43,
    "values": [
        45,
        43,
        40,
        37,
        36,
        36,
        35,
        35,
        34,
        34,
        34,
        33.5,
        33,
        33,
        33,
        33,
        33,
        32.823529411764696,
        32.666666666666664,
        32.55555555555555,
        32.5
    ],
    "initialCoverSeg": 6,
    "greedyCoverSize": 36,
    "runtime": 44286527,
    "lpBound": 32.5
}