{
    "initialCoverSize": 162,
    "times": [
        3476248,
        20311131,
        37657012,
        54639061,
        70938042,
        88402649,
        105124290,
        122045023,
        143398266,
        160022360,
        176944988,
        196431608,
        213314816,
        229556095,
        245609591,
        261723313,
        281780727,
        298630808,
        314781850,
        330896648,
        347049524,
        363122180,
        380688021,
        398450257,
        415497139,
        431685221,
        448018704,
        465143779,
        481271676,
        499681589,
        516928336,
        533191810,
        549333220,
        565406115,
        581530442,
        599995512,
        616340608,
        632380924,
        651817008,
        669506609,
        685745442,
        701901638,
        717953169,
        734130283,
        750254678,
        769635200,
        786512642,
        802724286,
        822026443,
        838671759,
        855037945,
        874453244,
        890974150,
        907734717,
        927799217,
        944204660,
        962515782,
        980986379,
        997261773,
        1013796566,
        1032995004,
        1049183602,
        1065160116,
        1081421466,
        1097606215,
        1113394261,
        1132311157,
        1148641550,
        1164690807,
        1180995397,
        1197369410,
        1213505450,
        1233436477,
        1250152881,
        1266441945,
        1282892425,
        1302344669,
        1318930364,
        1336146959,
        1355996738,
        1372412364,
        1389145204,
        1408268893,
        1424862485,
        1441043649,
        1457452447
    ],
    "finalCoverSize": 54,
    "values": [
        59,
        56,
        54,
        53,
        53,
        52,
        51,
        50.5,
        49.75,
        48.75,
        47.75,
        47.25,
        46.5,
        45.875,
        45.1875,
        44.859375,
        43.734375,
        42.734375,
        41.859375,
        41.734375,
        41.734375,
        40.734375,
        39.734375,
        39.234375,
        38.484375,
        37.859375,
        37.171875,
        36.515625,
        35.84375,
        35.1796875,
        34.845703125,
        34.01171875,
        33.845703125,
        33.345703125,
        33.345703125,
        32.345703125,
        32.1787109375,
        31.4287109375,
        30.345703125,
        30.345703125,
        29.970703125,
        29.720703125,
        29.554036458333332,
        28.887369791666668,
        28.887369791666668,
        28.303873697916668,
        27.887369791666668,
        27.887369791666668,
        27.137369791666668,
        27.137369791666668,
        26.637369791666668,
        26.24837239583333,
        26.24837239583333,
        25.720703125,
        25.720703125000004,
        25.720703125000004,
        25.63720703125,
        25.5537109375,
        25.470703125,
        25.470493861607142,
        25.13712565104167,
        24.970703125,
        24.970703125,
        24.970703125000004,
        24.892444349315067,
        24.892444349315067,
        24.889918550531913,
        24.86935763888889,
        24.857167119565215,
        24.828404017857146,
        24.711371527777775,
        24.705965909090896,
        24.681640625,
        24.681640625,
        24.666666666666657,
        24.66666666666666,
        24.66666666666666,
        24.560677083333335,
        24.514648437500004,
        24.514648437500004,
        24.500000000000004,
        24.499999999999996,
        24.431640624999996,
        24.42857142857142,
        24.41025641025641,
        24.333333333333336
    ],
    "initialCoverSeg": 5,
    "greedyCoverSize": 33,
    "runtime": 1853277674,
    "lpBound": 24.333333333333336
}