{
    "initialCoverSize": 16,
    "times": [
        1207346,
        2028790,
        2738704,
        3506076,
        4203267,
        4870942
    ],
    "finalCoverSize": 6,
    "values": [
        4,
        4,
        4,
        4,
        3.5,
        3.3333333333333335
    ],
    "initialCoverSeg": 4,
    "greedyCoverSize": 4,
    "runtime": 8341366,
    "lpBound": 3.3333333333333335
}