{
    "initialCoverSize": 139,
    "times": [
        2563960,
        4740432,
        6798327,
        8888229,
        11007093,
        13163259,
        15162785,
        17183881,
        19444495,
        21500139,
        23557365,
        25668424,
        27809482,
        29829177,
        32614119,
        35547029,
        38214466,
        42107693,
        44581785,
        46759191,
        48835228,
        50955439,
        52940663,
        55035767,
        57165980,
        59373123,
        61451944,
        63496617,
        65908579,
        67922628,
        69921849,
        71987595,
        74117328,
        76174082,
        78483506,
        80645190,
        82683421,
        84780331,
        86853486,
        88931579,
        91340389,
        93524281,
        95692665,
        97853164,
        100089910,
        102164076,
        104388101,
        106515269,
        108732764,
        111212498,
        113500804,
        115970229,
        118774577,
        121162891,
        123768435,
        126966827,
        131169111,
        133651474,
        135918350,
        138095038,
        140267159,
        142542682,
        144971550,
        147179982,
        149465476,
        151723871,
        154039269,
        156302310
    ],
    "finalCoverSize": 38,
    "values": [
        54,
        51,
        49,
        48,
        47,
        46,
        46,
        45,
        45,
        45,
        45,
        44,
        44,
        43.5,
        43.5,
        43.5,
        43.5,
        42.5,
        42.5,
        41.5,
        40.5,
        40.5,
        39.5,
        39.5,
        39,
        38.666666666666664,
        38.66666666666667,
        38.66666666666667,
        38.333333333333336,
        37.333333333333336,
        36.333333333333336,
        36.333333333333336,
        36.333333333333336,
        35.333333333333336,
        35.333333333333336,
        35.333333333333336,
        34.833333333333336,
        34.833333333333336,
        34.833333333333336,
        34.833333333333336,
        34.833333333333336,
        33.666666666666664,
        33.5,
        33.5,
        33.5,
        33,
        33,
        32,
        32,
        32,
        32,
        31.5,
        31.5,
        31.5,
        31.5,
        31.5,
        31.25,
        31.25,
        30.75,
        30.75,
        30.75,
        30.75,
        30.25,
        30.25,
        30.166666666666664,
        30.166666666666664,
        30,
        30
    ],
    "initialCoverSeg": 5,
    "greedyCoverSize": 38,
    "runtime": 217278033,
    "lpBound": 30
}