{
    "initialCoverSize": 136,
    "times": [
        2406388,
        10354101,
        18300633,
        27531774,
        35449417,
        43138694,
        50968755,
        58858439,
        66493865,
        74717019,
        82888306,
        90788872,
        99948536,
        107846881,
        115750289,
        123811312,
        131783830,
        139722161,
        147671508,
        155351941,
        163120361,
        170774327,
        179280367,
        189368095,
        198015918,
        206882241,
        215250472,
        223307977,
        231277815,
        239082001,
        247540512,
        255565090,
        263957243,
        272335906,
        281124801,
        291273173,
        299925752,
        310104508,
        318283824,
        326839974,
        336446433,
        344868400,
        352890384,
        360469338,
        368436333,
        376560846,
        384969806,
        394369843,
        402830992,
        410921282,
        419058913,
        427036414,
        435004815,
        443228124,
        452065371,
        462104069,
        470904577,
        479043507,
        487521088,
        495860965,
        504279766,
        512668690,
        521077068,
        529360873,
        537276047,
        545769092,
        554712918,
        563718243,
        573469444,
        581806276,
        590241470,
        598885018,
        607041539,
        617337286,
        626775716,
        635050129,
        643551426,
        651987989,
        660199088,
        668801619,
        677180773,
        685380063,
        693775380,
        702031471,
        710643033,
        719949960,
        729836553
    ],
    "finalCoverSize": 22,
    "values": [
        31,
        29,
        28.5,
        26,
        24,
        24,
        21,
        21,
        20,
        19.75,
        19.75,
        18.75,
        18.75,
        18.75,
        18.75,
        18.25,
        17.916666666666668,
        17.916666666666668,
        17.666666666666664,
        17.666666666666664,
        17.666666666666668,
        16.75,
        16.75,
        16.590909090909093,
        16.38118811881188,
        16.352941176470594,
        16.26923076923077,
        16.243589743589748,
        16.243589743589748,
        16.243589743589745,
        15.25,
        14.99906015037594,
        14.90625,
        14.905856423173805,
        14.899525316455698,
        14.772727272727272,
        14.77272727272727,
        14.7682119205298,
        14.7578125,
        14.591397849462368,
        14.584923664122138,
        14.5125,
        14.409297052154194,
        14.392118863049097,
        14.388716063348419,
        14.280643203883495,
        13.865234375,
        13.833333333333332,
        13.8047711781889,
        13.776666666666667,
        13.667110519307588,
        13.667110519307586,
        13.667110519307586,
        13.645416227608006,
        13.624739402362755,
        13.543989627708834,
        13.499999999999995,
        13.499999999999996,
        13.500000000000002,
        13.499999999999996,
        13.499999999999996,
        13.494949494949497,
        13.482954545454547,
        13.482954545454547,
        13.482954545454541,
        13.474999999999998,
        13.470394736842103,
        13.41023489932886,
        13.38671875,
        13.386718749999998,
        13.348214285714292,
        13.305687203791468,
        13.305147058823529,
        13.291666666666668,
        13.291666666666668,
        13.291294642857144,
        13.291294642857142,
        13.289473684210526,
        13.282786885245905,
        13.276315789473685,
        13.22870662460568,
        13.224856909239575,
        13.176470588235293,
        13.176190476190476,
        13.176190476190474,
        13.166666666666668,
        13.166666666666668
    ],
    "initialCoverSeg": 5,
    "greedyCoverSize": 17,
    "runtime": 870789205,
    "lpBound": 13.166666666666668
}