{
    "initialCoverSize": 125,
    "times": [
        2746666,
        11407532,
        20685817,
        31054866,
        39908946,
        48618104,
        57042908,
        65298054,
        74118941,
        82458766,
        91324961,
        100105560,
        108447345,
        116797794,
        125015742,
        133206861,
        141456696,
        149617311,
        158041882,
        166580653,
        176028477,
        187006606,
        195632680,
        204525423,
        212853531,
        221049738,
        230007654,
        240438684,
        250155092,
        258789958,
        267152589,
        275346408,
        283898499,
        292586803,
        301874676,
        311562212,
        319981674,
        328129104,
        337356912,
        345860024,
        355923508,
        364533882,
        372490097,
        381057560,
        389592653,
        398034597,
        406407112,
        414739135,
        423003912,
        431508873,
        440336825,
        448694117,
        457929134,
        467449419,
        475849537,
        484356291,
        493272341,
        501803876,
        510602134,
        518664000,
        527300936
    ],
    "finalCoverSize": 43,
    "values": [
        50,
        47,
        45,
        42.5,
        42.5,
        40.5,
        39,
        39,
        37.5,
        35.5,
        34,
        33,
        32.75,
        32.75,
        31.75,
        31.5,
        31.25,
        30.8,
        30.8,
        29.900000000000002,
        29.133333333333333,
        28.633333333333333,
        28.3,
        28.3,
        27.900000000000002,
        27.55,
        27.425,
        26.925,
        26.46666666666667,
        25.55,
        25.3,
        25.033333333333335,
        24.6,
        24.4125,
        24.1,
        23.724999999999998,
        22.724999999999998,
        22.724999999999998,
        22.724999999999998,
        21.724999999999998,
        21.724999999999998,
        21.724999999999998,
        20.724999999999998,
        20.724999999999998,
        20.724999999999998,
        19.724999999999998,
        19.725,
        19.725,
        19.725,
        19.725,
        19.725,
        19.724999999999998,
        19.699999999999996,
        19.699999999999996,
        19.7,
        19.666666666666668,
        19.666666666666664,
        19.625,
        19.444444444444446,
        19.416666666666668,
        19.33333333333333
    ],
    "initialCoverSeg": 5,
    "greedyCoverSize": 26,
    "runtime": 701798191,
    "lpBound": 19.33333333333333
}