{
    "initialCoverSize": 133,
    "times": [
        3614210,
        5805558,
        7257636,
        8793202,
        10341543,
        11862195,
        14657327,
        17240519,
        19149223,
        20582801,
        22026153,
        23476505,
        25030117,
        26579682,
        28077648,
        29660315,
        31882616,
        34649175,
        37721680,
        39391453,
        40831099,
        42760772,
        44284583,
        45888085,
        47656960,
        49691606,
        51607051,
        53505534,
        55284953,
        56771703,
        58316265,
        59941209,
        61581729,
        63159309,
        64631768,
        67234182,
        69810508,
        71825304,
        73375371,
        74850576,
        76566220,
        78148143,
        79637771,
        81135654,
        83924482,
        86282984,
        88211916,
        89804978,
        91364621,
        93241899,
        95077314,
        97003001,
        100040913,
        102294898,
        104278181,
        106307873,
        107895096,
        109569535,
        111371676,
        113447355,
        115500022,
        117039135,
        119082845,
        121186513,
        124113394,
        126482314,
        128259203,
        129847724,
        131590020,
        133236440,
        136156067,
        138118556,
        140398444,
        142850669,
        144720440,
        146229068,
        147723099
    ],
    "finalCoverSize": 25,
    "values": [
        43,
        41,
        40,
        39.5,
        38.5,
        37.5,
        37.5,
        36.5,
        36.5,
        35.5,
        35.5,
        35.5,
        34.5,
        33,
        33,
        32,
        32,
        32,
        31,
        31,
        31,
        30,
        30,
        30,
        30,
        30,
        29,
        29,
        29,
        29,
        29,
        29,
        29,
        29,
        29,
        28,
        28,
        28,
        28,
        28,
        28,
        28,
        28,
        28,
        27,
        27,
        27,
        27,
        26.5,
        26.500000000000004,
        26.500000000000004,
        26.500000000000007,
        26.375,
        25.375,
        25.375,
        24.375,
        24.375,
        24.375,
        24.375,
        24.375,
        24.375,
        24.375,
        24.25,
        24.25,
        24.25,
        24.25,
        24.25,
        24,
        24,
        24,
        24,
        24,
        24,
        24,
        24,
        24,
        24
    ],
    "initialCoverSeg": 5,
    "greedyCoverSize": 30,
    "runtime": 181973501,
    "lpBound": 24
}