{
    "initialCoverSize": 133,
    "times": [
        4025493,
        6189887,
        7709762,
        9286259,
        10845673,
        12390759,
        13924085,
        15763531,
        17332472,
        18801680,
        20288559,
        21927873,
        23570482,
        25581436,
        27311947,
        29269139,
        30795785,
        32308312,
        33748083,
        35203813,
        36585332,
        37927313,
        39322480,
        41704691,
        43987834,
        45885749,
        47411524,
        48771188,
        50373872,
        51975114,
        53572087,
        55100897,
        57645267,
        60196076,
        62176880,
        63722297,
        65212399,
        66943385,
        68600388,
        70190684,
        71909348,
        74621076,
        76851861,
        78743181,
        80335114,
        81864641,
        83293217,
        84958649,
        86706985,
        88656659,
        91552047,
        94409316,
        96376689,
        97867046,
        99393380,
        100838657,
        102510193,
        104226230,
        106057691,
        109316114,
        112482958,
        113997748,
        116069590,
        119296652,
        122419458,
        124433912,
        126924725,
        130694735,
        133407443,
        135903441,
        139026001,
        141684972,
        145575921,
        149268829,
        152175594,
        154707281,
        157213225
    ],
    "finalCoverSize": 25,
    "values": [
        43,
        41,
        40,
        39.5,
        38.5,
        37.5,
        37.5,
        36.5,
        36.5,
        35.5,
        35.5,
        35.5,
        34.5,
        33,
        33,
        32,
        32,
        32,
        31,
        31,
        31,
        30,
        30,
        30,
        30,
        30,
        29,
        29,
        29,
        29,
        29,
        29,
        29,
        29,
        29,
        28,
        28,
        28,
        28,
        28,
        28,
        28,
        28,
        28,
        27,
        27,
        27,
        27,
        26.5,
        26.500000000000004,
        26.500000000000004,
        26.500000000000007,
        26.375,
        25.375,
        25.375,
        24.375,
        24.375,
        24.375,
        24.375,
        24.375,
        24.375,
        24.375,
        24.25,
        24.25,
        24.25,
        24.25,
        24.25,
        24,
        24,
        24,
        24,
        24,
        24,
        24,
        24,
        24,
        24
    ],
    "initialCoverSeg": 5,
    "greedyCoverSize": 30,
    "runtime": 198032988,
    "lpBound": 24
}