{
    "initialCoverSize": 121,
    "times": [
        2563770,
        11450786,
        22645349,
        34911016,
        43961682,
        52532095,
        61364531,
        69869933,
        80486717,
        89628663,
        101471670,
        110731117,
        119284562,
        128067307,
        136789367,
        145498332,
        153995846,
        162729738,
        171326991,
        182155645,
        191235095,
        203071581,
        212494633,
        221314496,
        229888879,
        240900323,
        251650496,
        261460418,
        270338948,
        279635560,
        288632618,
        297411355,
        306543416,
        315494942,
        324167069,
        333016328,
        344642929,
        355614931,
        366585479,
        375334788,
        384262613,
        395025115,
        405955152,
        415773467,
        424749020,
        433563942,
        442681160,
        451577267,
        460570335,
        469225116,
        478058149,
        488657550,
        500572585,
        509991094,
        518970925,
        527937338,
        536689842,
        546000543,
        555190228,
        566679622,
        576230804,
        585517660
    ],
    "finalCoverSize": 44,
    "values": [
        44,
        42,
        40,
        38,
        36,
        36,
        34.5,
        33.5,
        32.5,
        32.5,
        32.25,
        30.5,
        30.5,
        28.5,
        28.5,
        26.5,
        26,
        25.5,
        24.75,
        24.25,
        24,
        23,
        22.25,
        22.05,
        21.05,
        21.05,
        21.05,
        21.05,
        21.05,
        20.55,
        20.3,
        19.78571428571429,
        18.285714285714285,
        18.285714285714285,
        18.285714285714285,
        17.714285714285715,
        17.714285714285715,
        17.546875,
        16.714285714285715,
        16.609375,
        16.517857142857142,
        16.453125,
        16.36140350877193,
        16.3359375,
        16.2421875,
        16.241666666666667,
        16.24166666666667,
        16.241666666666667,
        16.241666666666667,
        16.229166666666664,
        16.229166666666664,
        16.229166666666668,
        16.215277777777775,
        16.208333333333332,
        16.16197916666667,
        16.14409722222222,
        16.13621794871795,
        16.098550724637676,
        16.076291079812204,
        16.076291079812204,
        16.013888888888893,
        16
    ],
    "initialCoverSeg": 5,
    "greedyCoverSize": 27,
    "runtime": 763285632,
    "lpBound": 16
}