{
    "initialCoverSize": 100,
    "times": [
        2598628,
        6207383,
        9550035,
        12572140,
        15505307,
        18345250,
        21352336,
        24283594,
        27417119,
        30293133,
        33219465,
        36146530,
        39182399,
        42233787,
        45272624,
        48592903,
        51838769,
        54799265,
        57749361,
        60841726,
        63984773,
        66929321,
        70060916,
        74013734,
        77101887,
        81350784,
        85755442,
        90226075,
        93552534,
        96481854,
        99897042,
        103025342,
        106146993,
        109208089,
        112224020,
        115429562,
        118279866,
        121311288,
        124312128,
        127585337,
        130565736,
        133546735,
        136465038,
        139581748,
        142643077,
        145897098,
        148910405,
        151949951,
        155000302,
        157938420
    ],
    "finalCoverSize": 17,
    "values": [
        30,
        25,
        24.5,
        24.5,
        23.5,
        22.5,
        21.5,
        20.5,
        19.5,
        19.5,
        18.5,
        18,
        18,
        18,
        18,
        18,
        17.5,
        17.5,
        17.5,
        16.7,
        16.25,
        16.25,
        16.125,
        16.125,
        16.086206896551722,
        15.6,
        15.5,
        15.5,
        15.5,
        14.5,
        14.5,
        14.5,
        14.5,
        14.2,
        14.2,
        13.916666666666668,
        13.916666666666668,
        13.916666666666668,
        13.916666666666668,
        13.916666666666668,
        13.916666666666668,
        13.916666666666668,
        13.916666666666668,
        13.916666666666668,
        13.916666666666666,
        13.916666666666668,
        13.916666666666668,
        13.916666666666666,
        13.916666666666668,
        13.916666666666668
    ],
    "initialCoverSeg": 5,
    "greedyCoverSize": 17,
    "runtime": 211386542,
    "lpBound": 13.916666666666668
}