{
    "initialCoverSize": 47,
    "times": [
        1329553,
        3280762,
        5274146,
        7173325,
        9090606,
        10979451,
        12916789,
        14991024,
        17047359,
        19203687,
        21191957,
        23223803,
        25147927,
        27217750,
        29351315,
        31438113,
        33496575,
        35463048,
        37452977,
        39542997,
        41650416,
        43730463,
        45740635,
        47725621,
        49822819,
        51908160
    ],
    "finalCoverSize": 14,
    "values": [
        9,
        8.5,
        8,
        8,
        7,
        7,
        7,
        6.6000000000000005,
        6,
        6,
        6,
        6,
        5.666666666666667,
        5.666666666666667,
        5.5,
        5.300000000000001,
        5.199999999999999,
        5.1,
        5.1,
        5.1,
        5,
        5,
        5,
        4.857142857142857,
        4.750000000000001,
        4.750000000000001
    ],
    "initialCoverSeg": 5,
    "greedyCoverSize": 6,
    "runtime": 69352394,
    "lpBound": 4.750000000000001
}