{
    "initialCoverSize": 62,
    "times": [
        2359896,
        4304053,
        5892286,
        7396326,
        8861979,
        11607991,
        14961125,
        17681502,
        20058402,
        21586065,
        23123885,
        24672728,
        26203388,
        29595223,
        33574446,
        36545062,
        39041511,
        41657260,
        46331516,
        50130583,
        51828768,
        54275091,
        56772616,
        59596148,
        61401445,
        64290127
    ],
    "finalCoverSize": 32,
    "values": [
        28,
        25.5,
        25.5,
        24.5,
        21,
        19,
        19,
        19,
        18.5,
        18.5,
        17,
        17,
        17,
        16.5,
        16.25,
        16.25,
        15.888888888888893,
        14.88888888888889,
        14.88888888888889,
        14.75,
        14.56666666666667,
        14.566666666666666,
        14.066666666666666,
        14.06666666666667,
        14.000000000000004,
        13.500000000000002
    ],
    "initialCoverSeg": 5,
    "greedyCoverSize": 16,
    "runtime": 95673057,
    "lpBound": 13.500000000000002
}