{
    "initialCoverSize": 174,
    "times": [
        4075497,
        12202738,
        18152046,
        23465691,
        28911495,
        34428337,
        39810852,
        45386468,
        50754493,
        56308892,
        61623331,
        67094995,
        72427402,
        77724962,
        83009705,
        88387651,
        94047475,
        99897286,
        105213444,
        112015315,
        118643360,
        124256871,
        129718290,
        135191061,
        140678788,
        146430074,
        152152970,
        157812187,
        166727270,
        172858533,
        178405786,
        184383329,
        190014725,
        195535260,
        201921611,
        207950047,
        213982096,
        222432162,
        228435030,
        234331239,
        240011556,
        245466461,
        250708666,
        256137008,
        261582200,
        267147118,
        272514501,
        278037581,
        283535620,
        289250872,
        294991507,
        300539814,
        307554763,
        314000415,
        322650370,
        328616657,
        334199796,
        339567135,
        345278524,
        350954130,
        356816259,
        362531507,
        367910965,
        373647624,
        379131649,
        384875647,
        390195834,
        395750979,
        401153152,
        407280765,
        413964447,
        420297732,
        428762184,
        435169340,
        440823077,
        446668877,
        452892103,
        458439445,
        464204989,
        470073609,
        475764004,
        481743299,
        487652864,
        493288263,
        499068230,
        504929129,
        511579596,
        517627799,
        524528096,
        532588823,
        538456168,
        544203997,
        549969369
    ],
    "finalCoverSize": 36,
    "values": [
        58,
        55,
        54,
        53,
        53,
        52,
        52,
        50,
        49,
        47,
        47,
        47,
        47,
        46,
        46,
        46,
        46,
        46,
        46,
        45,
        44,
        44,
        44,
        44,
        43,
        43,
        43,
        43,
        42.333333333333336,
        42,
        42,
        42.00000000000001,
        41.333333333333336,
        40.333333333333336,
        40.333333333333336,
        40.33333333333333,
        39.33333333333333,
        39.33333333333333,
        39.33333333333333,
        39.33333333333332,
        38.33333333333333,
        38.33333333333333,
        38.33333333333333,
        38.33333333333333,
        38.33333333333333,
        37.33333333333333,
        36.8,
        36.8,
        36.8,
        36.8,
        36.666666666666664,
        36.5,
        36.41176470588234,
        36.25,
        35.83333333333333,
        35.33333333333332,
        35.33333333333332,
        35.33333333333332,
        35,
        35,
        34,
        34,
        34,
        33.666666666666664,
        33.57142857142857,
        33.57142857142858,
        33.57142857142858,
        33.22222222222222,
        32.9,
        32.5,
        32.5,
        32.5,
        32.5,
        32.5,
        32.5,
        32.5,
        32.5,
        32.5,
        32.5,
        32.50000000000001,
        32.5,
        32.50000000000001,
        32.44444444444445,
        32.357142857142854,
        32.3,
        32.28571428571428,
        32.28571428571428,
        32.02941176470588,
        32.029411764705884,
        32.029411764705884,
        32.029411764705884,
        32,
        32
    ],
    "initialCoverSeg": 5,
    "greedyCoverSize": 38,
    "runtime": 715101366,
    "lpBound": 32
}