{
    "initialCoverSize": 81,
    "times": [
        1762344,
        4539694,
        7282491,
        11477928,
        14827339,
        17746000,
        20587543,
        24657531,
        27963760,
        30510219,
        33349105,
        36167571,
        40805718,
        44453558,
        47022463,
        49656614,
        52583456,
        56829590,
        61082400,
        63986287,
        67648779,
        70441481,
        73959156,
        77032486,
        81577543,
        84506623,
        87640210,
        90652004,
        94424279,
        98163748,
        101270891,
        104256811,
        107007317,
        109594654,
        113300763,
        116287176,
        119285141,
        122151664,
        124575547,
        128617074,
        132230445,
        135325441,
        138541899
    ],
    "finalCoverSize": 23,
    "values": [
        25,
        24,
        21.5,
        21.25,
        20,
        19.5,
        17.5,
        16.25,
        15.5,
        15.5,
        15,
        14.7,
        14.333333333333332,
        14.333333333333332,
        13.8125,
        13.708333333333332,
        13.5,
        13.5,
        13.424999999999999,
        13.392857142857142,
        13.108490566037737,
        12.108490566037736,
        12.108490566037736,
        11.358490566037737,
        11.184713375796179,
        11.18361153262519,
        10.828124999999998,
        10.780745967741936,
        10.780745967741936,
        10.780745967741936,
        10.121212121212121,
        10.121212121212121,
        10.118018967334036,
        10.118018967334036,
        10.118018967334036,
        10.118018967334034,
        10.09375,
        10.09375,
        10.047120418848168,
        10.042084168336673,
        10.042084168336673,
        10.029605263157892,
        10
    ],
    "initialCoverSeg": 5,
    "greedyCoverSize": 14,
    "runtime": 182518839,
    "lpBound": 10
}