{
    "initialCoverSize": 65,
    "times": [
        1533381,
        5069046,
        8444595,
        12058558,
        17043993,
        23610552,
        29724108,
        33338275,
        38251642,
        42877915,
        46909585,
        50608523,
        54167229,
        57645821,
        61294956,
        64848793,
        68494480,
        72128774,
        75610621,
        79190584,
        82782773,
        86413718,
        89976114,
        93565404,
        97030705,
        100711609,
        104207986,
        107698140,
        111192239,
        114732098
    ],
    "finalCoverSize": 18,
    "values": [
        29,
        28,
        26,
        26,
        26,
        24,
        23,
        22,
        22,
        22,
        22,
        22,
        21,
        21,
        21,
        21,
        21,
        20.333333333333336,
        20,
        19.75,
        19,
        19,
        19,
        18.5,
        18,
        17,
        17,
        16,
        15.499999999999998,
        15.5
    ],
    "initialCoverSeg": 4,
    "greedyCoverSize": 18,
    "runtime": 156650702,
    "lpBound": 15.5
}