{
    "initialCoverSize": 65,
    "times": [
        1609642,
        6475626,
        11296107,
        16087482,
        20961833,
        25758697,
        30604257,
        35455838,
        40331979,
        45177583,
        50350028,
        55458011,
        60338785,
        65190369,
        70065609,
        75032205,
        79832152,
        85051319,
        90169899,
        95098471,
        100481180,
        107450845,
        112784740,
        117808036,
        122719301,
        127637593,
        132558715,
        137754276,
        142756399,
        147990593
    ],
    "finalCoverSize": 18,
    "values": [
        29,
        28,
        26,
        26,
        26,
        24,
        23,
        22,
        22,
        22,
        22,
        22,
        21,
        21,
        21,
        21,
        21,
        20.333333333333336,
        20,
        19.75,
        19,
        19,
        19,
        18.5,
        18,
        17,
        17,
        16,
        15.499999999999998,
        15.5
    ],
    "initialCoverSeg": 4,
    "greedyCoverSize": 18,
    "runtime": 187003354,
    "lpBound": 15.5
}