{
    "initialCoverSize": 53,
    "times": [
        1326321,
        2937177,
        4514838,
        6187385,
        7691696,
        9274640,
        10879469,
        12438990,
        14190107,
        15946310,
        17766202,
        19380195,
        22079440,
        24505180,
        26327361,
        27950892,
        29693707,
        31273141,
        32817473,
        34345639,
        36895499,
        39562902,
        42301172,
        45570526,
        50486991,
        54051167,
        56161827
    ],
    "finalCoverSize": 15,
    "values": [
        24,
        23,
        22,
        20,
        19,
        19,
        19,
        19,
        18,
        18,
        18,
        17.5,
        17.33333333333333,
        17.33333333333333,
        17,
        16.5,
        16,
        15.666666666666668,
        15,
        14,
        14,
        13.5,
        13.5,
        13.5,
        13.5,
        13.5,
        13.5
    ],
    "initialCoverSeg": 4,
    "greedyCoverSize": 15,
    "runtime": 74811336,
    "lpBound": 13.5
}