{
    "initialCoverSize": 143,
    "times": [
        3025704,
        9440471,
        15493285,
        21418191,
        27962088,
        34465332,
        40539018,
        46588061,
        52481765,
        58626627,
        64489769,
        70344935,
        76326435,
        82179537,
        88298191,
        94290076,
        100959804,
        107238152,
        114338571,
        121790733,
        128476196,
        135735362,
        141691811,
        148160889,
        155393153,
        162002460,
        169159563,
        175435169,
        182130141,
        189392136,
        195810686,
        204338674,
        211534436,
        219036419,
        225560901,
        231994519,
        239328890,
        245646214,
        252989246,
        259487262,
        265804049,
        273465356,
        279889315,
        287534797,
        293990156,
        300669599,
        307874620,
        314533442,
        322654532,
        329302319,
        335938821,
        342692197,
        348871391,
        356782135,
        363348122,
        370949046,
        379380525,
        386613501,
        394701568,
        401402617,
        408133130,
        415266645,
        422769545,
        430947163,
        438086232,
        445767442,
        452098155
    ],
    "finalCoverSize": 47,
    "values": [
        60,
        58,
        56,
        54,
        52.5,
        51.5,
        49.5,
        47.5,
        46,
        44.5,
        42.5,
        41,
        41,
        40.5,
        40,
        39,
        38.166666666666664,
        37.75,
        37.5,
        37,
        35.875,
        35.74999999999999,
        34.75,
        34.333333333333336,
        34.237068965517246,
        34.0875,
        34.025,
        33.7,
        33.5,
        33.46666666666666,
        33.449999999999996,
        33.07954545454545,
        32.708333333333336,
        32.45,
        32.25,
        31.673684210526318,
        31.605,
        31.55999999999999,
        31.130000000000003,
        31.13,
        31.13,
        30.883333333333326,
        30.85192837465565,
        30.38541666666666,
        30.333333333333332,
        30.333333333333332,
        30.333333333333332,
        29.908333333333324,
        29.90725806451613,
        29.90725806451613,
        29.90725806451613,
        29.90725806451613,
        29.90725806451613,
        29.90725806451613,
        29.90725806451613,
        29.38333333333333,
        29.062499999999996,
        28.82552083333333,
        28.5625,
        28.544407894736842,
        28.48569915254237,
        28.447115384615383,
        28.426136363636363,
        28.374999999999996,
        28.375,
        28.375,
        28.333333333333332
    ],
    "initialCoverSeg": 5,
    "greedyCoverSize": 35,
    "runtime": 608761739,
    "lpBound": 28.333333333333332
}