{
    "initialCoverSize": 139,
    "times": [
        3067499,
        24553301,
        50658655,
        72180934,
        93569806,
        114828112,
        140251313,
        170921348,
        192388194,
        223368558,
        244846337,
        266231625,
        287845332,
        310655097,
        334888481,
        356618906,
        385264636,
        423029371,
        451362329,
        474020963,
        495348482,
        516124776,
        539017951,
        560774042,
        585640362,
        609466041,
        630237811,
        654916045,
        675693713,
        696610009,
        717697093,
        738760950,
        762250769,
        783088573,
        804002388,
        829351649,
        850813317,
        875646246,
        897687171,
        920699222,
        943870061,
        964991369,
        985863920,
        1006827566,
        1033564451,
        1056453701,
        1077534339,
        1098439562,
        1120223220,
        1144450001,
        1165571718,
        1188303857,
        1211682845,
        1232707158,
        1260224738,
        1281261321,
        1302153266,
        1323104248,
        1344329066,
        1368698817,
        1390212306,
        1417430502,
        1438858508,
        1465208613,
        1490235907,
        1512492076,
        1540234015,
        1562854098,
        1584764848,
        1607148688,
        1634081381,
        1657493819,
        1679222199,
        1705424305,
        1727770587,
        1749504025,
        1771260500,
        1792872167,
        1819327044,
        1841037727,
        1864892446,
        1888947706,
        1910456107,
        1932313381,
        1953867960,
        1977150526,
        2000051834
    ],
    "finalCoverSize": 33,
    "values": [
        34,
        30,
        28,
        28,
        28,
        27,
        26,
        25,
        24,
        22,
        22,
        21,
        21,
        20.5,
        20,
        18.75,
        18.75,
        18.5,
        18.16666666666666,
        17.70833333333334,
        17.666666666666664,
        17.65,
        16.5,
        16.5,
        16.235294117647058,
        16.166666666666668,
        16.042857142857144,
        16.04285714285714,
        15.905136268343815,
        15.889502762430938,
        15.871449925261583,
        15.759523809523806,
        15.491228070175437,
        15.32512539899681,
        15.325125398996809,
        14.771039603960396,
        14.651975683890582,
        14.154296875,
        14.154296875,
        14.114754098360658,
        14.062796208530807,
        13.997907684504181,
        13.966685440999191,
        13.92333082273714,
        13.901999264074576,
        13.764146162941277,
        13.683701657458561,
        13.572124417229142,
        13.572124417229142,
        13.554418604651163,
        13.506478209658423,
        13.493935591802595,
        13.40801576872536,
        13.264048991354468,
        12.839393939393938,
        12.839393939393938,
        12.832232893157263,
        12.830747126436782,
        12.804347826086955,
        12.769326683291771,
        12.693493150684933,
        12.691281138790035,
        12.659965034965031,
        12.656862745098042,
        12.618852459016395,
        12.596866096866098,
        12.59683426443203,
        12.596573208722745,
        12.533210332103318,
        12.53321033210332,
        12.492424242424239,
        12.444444444444445,
        12.385036496350363,
        12.375,
        12.375000000000002,
        12.349999999999998,
        12.33333333333333,
        12.299999999999997,
        12.299999999999997,
        12.282258064516128,
        12.271739130434781,
        12.271739130434781,
        12.271739130434781,
        12.249999999999998,
        12.249999999999995,
        12.25,
        12.249999999999996
    ],
    "initialCoverSeg": 5,
    "greedyCoverSize": 16,
    "runtime": 2376788154,
    "lpBound": 12.249999999999996
}