{
    "initialCoverSize": 32,
    "times": [
        1079963,
        1540101,
        1889617,
        2262845,
        2610399,
        2997437,
        3380646,
        3735338,
        4163288,
        4550633,
        4974857,
        5372972,
        5729714,
        6165321,
        6606033,
        7024339,
        7450388
    ],
    "finalCoverSize": 8,
    "values": [
        10,
        9,
        8,
        7.5,
        6.999999999999999,
        5.999999999999999,
        5.999999999999999,
        5.999999999999999,
        5.999999999999999,
        5.333333333333333,
        5.333333333333333,
        5.333333333333333,
        5.333333333333333,
        5.333333333333333,
        5.333333333333334,
        5.333333333333334,
        5.333333333333334
    ],
    "initialCoverSeg": 5,
    "greedyCoverSize": 7,
    "runtime": 10939564,
    "lpBound": 5.333333333333334
}