{
    "initialCoverSize": 54,
    "times": [
        1601437,
        4027530,
        6438737,
        8800008,
        11266245,
        13655642,
        16266163,
        19972824,
        24089959,
        27391357,
        30200895,
        32672706,
        35458787,
        38577638,
        42975182,
        46087270,
        48789024,
        51386139,
        53782888,
        56199388,
        58727069,
        61304135,
        63975420,
        66738851,
        69358130
    ],
    "finalCoverSize": 16,
    "values": [
        11,
        8,
        8,
        8,
        7,
        6.5,
        5.999999999999999,
        5.999999999999999,
        5.999999999999999,
        5.999999999999999,
        5.857142857142857,
        5.857142857142857,
        5.714285714285714,
        5.666666666666667,
        5.571428571428571,
        5.571428571428571,
        5.411764705882353,
        5.390625,
        5.390625,
        5.390625,
        5.3478260869565215,
        5.347826086956523,
        5.347826086956523,
        5.333333333333333,
        5.333333333333332
    ],
    "initialCoverSeg": 5,
    "greedyCoverSize": 7,
    "runtime": 96887755,
    "lpBound": 5.333333333333332
}