{
    "initialCoverSize": 108,
    "times": [
        2758521,
        6999308,
        12233465,
        17136752,
        21184349,
        25701276,
        28920792,
        33782658,
        39752484,
        44210240,
        48674438,
        52897561,
        56434980,
        60660627,
        65965430,
        70729779,
        74795915,
        78479805,
        81625743,
        86340443,
        89641054,
        93959089,
        97511255,
        104421645,
        108828630,
        112347003,
        116931977,
        121092150,
        124231847,
        127548560,
        130701437,
        135178434,
        138401084,
        141540789,
        145051534,
        149518722,
        153754205,
        157411797,
        161085546,
        165292751,
        170027780,
        174521709,
        178094381,
        182088593,
        186800840,
        190581553,
        193742564
    ],
    "finalCoverSize": 31,
    "values": [
        48,
        44.5,
        41.5,
        40.5,
        39.5,
        38,
        36,
        36,
        36,
        36,
        35.833333333333336,
        35.833333333333336,
        34.66666666666668,
        33.66666666666667,
        33.66666666666667,
        33,
        33,
        33,
        32,
        32,
        31,
        31,
        30,
        29.666666666666664,
        29.666666666666664,
        29.5,
        29.5,
        28.5,
        28.5,
        27.5,
        27.5,
        27.5,
        27.5,
        27.5,
        27,
        27,
        27,
        26,
        26,
        26,
        26,
        26,
        26,
        26,
        26,
        26,
        26
    ],
    "initialCoverSeg": 5,
    "greedyCoverSize": 28,
    "runtime": 262999167,
    "lpBound": 26
}