{
    "initialCoverSize": 180,
    "times": [
        3846633,
        18653397,
        35718438,
        51139336,
        65741980,
        80335146,
        94851792,
        109842018,
        124714746,
        141569230,
        156683021,
        171361920,
        186419488,
        202300543,
        216836212,
        231411614,
        246119403,
        261662080,
        277744082,
        292536652,
        307223388,
        321865596,
        336566018,
        351528473,
        366938991,
        383335223,
        398577941,
        413485130,
        429618466,
        444581450,
        459032908,
        474180441,
        489468523,
        503971959,
        518610481,
        533600823,
        548168385,
        562381485,
        577900796,
        592468067,
        607184126,
        621822311,
        636957534,
        652506807,
        667823915,
        682174853,
        696704202,
        711036444,
        726706879,
        741573254,
        756697135,
        770965213,
        785383193,
        799893405,
        814275061,
        829417463,
        844620697,
        860352094,
        874875398,
        889520903,
        904058048,
        918595672,
        933700179,
        948525499,
        964560288,
        978703691,
        994866918,
        1009686069,
        1024488541,
        1039367686,
        1055296537,
        1071279960,
        1086487404,
        1102045228,
        1117805365,
        1132529081,
        1147091720,
        1161569593,
        1176412035,
        1191175671,
        1206510796,
        1222261052,
        1237808655,
        1252698426,
        1268039483,
        1282816028,
        1298486497,
        1313597873,
        1329337441,
        1343555129,
        1358310968,
        1373052075,
        1387728340,
        1403172418,
        1419920493,
        1435518195,
        1450367595
    ],
    "finalCoverSize": 42,
    "values": [
        54,
        50,
        48,
        47,
        46.5,
        45.5,
        44.5,
        41.5,
        39.5,
        38.5,
        38,
        38,
        38,
        37.5,
        36.5,
        36.5,
        36.2,
        35.2,
        35,
        35,
        34.125,
        33.7,
        33.7,
        33.5,
        33.166666666666664,
        32.75,
        32.5,
        32.199999999999996,
        32.2,
        31.84999999999999,
        31.849999999999998,
        31.84999999999999,
        31.84375,
        31.785714285714285,
        31.5,
        31.5,
        31.45833333333333,
        31.458333333333332,
        31.458333333333332,
        31.25,
        31.21590909090909,
        31.175,
        31.175,
        30.175,
        30,
        30,
        30,
        30,
        29.999999999999996,
        29.990384615384624,
        29.99038461538462,
        29.99038461538462,
        29.175000000000004,
        29.128378378378372,
        29.128378378378372,
        29.128378378378372,
        28.395833333333332,
        28.23958333333332,
        28.1328125,
        27.860119047619055,
        27.660714285714278,
        27.660714285714278,
        27.660714285714274,
        27.660714285714278,
        27.660714285714278,
        27.66071428571428,
        27.660714285714278,
        27.635638297872337,
        27.63563829787234,
        27.611842105263158,
        27.53517587939698,
        27.53517587939698,
        27.46875,
        27.460379464285722,
        27.318524096385545,
        27.31643952299829,
        27.30928853754941,
        27.30928853754941,
        27.30928853754941,
        27.30928853754941,
        27.30177111716621,
        27.25,
        27.190023752969118,
        27.157142857142855,
        27.109375000000007,
        27.109375000000007,
        27.088059701492533,
        27.088059701492536,
        27.088059701492533,
        27.088059701492536,
        27.051724137931032,
        27,
        27,
        27,
        27,
        26.999999999999996,
        27
    ],
    "initialCoverSeg": 5,
    "greedyCoverSize": 34,
    "runtime": 1787886397,
    "lpBound": 27
}