{
    "initialCoverSize": 175,
    "times": [
        5885079,
        158301403,
        316075156,
        475027832,
        631349989,
        788776366,
        948633339,
        1104475222,
        1261609784,
        1418080659,
        1573959377,
        1730621188,
        1887243679,
        2047645717,
        2203338989,
        2361917918,
        2518106585,
        2676177711,
        2833872412,
        2992862381,
        3152215353,
        3309162782,
        3466918710,
        3624517512,
        3781488153,
        3939316978,
        4099081155,
        4260001694,
        4420817261,
        4580257120,
        4741310754,
        4900520110,
        5061325691,
        5225959135,
        5382053993,
        5542574817,
        5703600093,
        5865003334,
        6031318467,
        6194953914,
        6361175277,
        6522411741,
        6685406340,
        6853461166,
        7011446631,
        7168089534,
        7335392483,
        7490880583,
        7648097296,
        7808097123,
        7976506786,
        8133543214,
        8302288115,
        8456921847,
        8617116722,
        8776553206,
        8935393472,
        9095460038,
        9272655353,
        9446375145,
        9646236893,
        9806758461,
        9967432862,
        10126341085,
        10293881956,
        10454655783,
        10618767212,
        10774629405,
        10934539339,
        11099430157,
        11276003593,
        11436705205,
        11594739808,
        11760500679,
        11915207463,
        12075859248,
        12237731075,
        12401284095,
        12559411622,
        12717145225,
        12876348316,
        13036112093,
        13195211417,
        13359478242,
        13518646965,
        13673924367,
        13829930450,
        13990148359,
        14151058890,
        14315814172,
        14479499562,
        14642743831,
        14802640404,
        14962108732,
        15126058477,
        15289312848,
        15452035350,
        15615429873,
        15772278638,
        15929833271,
        16089477585
    ],
    "finalCoverSize": 49,
    "values": [
        41,
        39,
        36,
        34,
        32.5,
        31.5,
        30,
        29,
        27,
        26,
        26,
        25,
        25,
        24.5,
        23.75,
        23.125,
        22.78125,
        21.9375,
        21.9375,
        21.859375,
        21.28125,
        21.11458333333333,
        21.11458333333333,
        20.4375,
        20.4375,
        20.4375,
        20.4375,
        19.4375,
        19,
        18.6234375,
        17.623437499999998,
        17.1234375,
        16.6125,
        16.500000000000004,
        16.221874999999997,
        16.157534246575338,
        16.0797507788162,
        15.950245098039217,
        15.906034482758622,
        15.829435483870968,
        15.814257812499998,
        15.548727272727271,
        15.460140306122451,
        15.325026939655173,
        15.32502693965517,
        14.770833333333332,
        14.760416666666666,
        14.760416666666668,
        14.704268292682928,
        14.704268292682924,
        14.704268292682924,
        14.583669354838708,
        14.564363304789088,
        14.56390043368269,
        14.509941705034905,
        14.509941705034905,
        14.509941705034905,
        14.486137820512825,
        14.481820461384153,
        14.428633255401301,
        14.328119931884533,
        14.182429797191888,
        14.17313829787234,
        14.149043120155039,
        14.118489583333334,
        14.077459432048682,
        14.066533864541832,
        14.053924976824263,
        14.05097305389222,
        14.029192878997485,
        14.007070326331542,
        13.998325751124263,
        13.998325751124257,
        13.990185542983397,
        13.986114241317138,
        13.96764478337754,
        13.95127928398592,
        13.920425649530129,
        13.920425649530127,
        13.902032742834397,
        13.88617234962846,
        13.868443278493817,
        13.849747667514839,
        13.801393877201985,
        13.758573015248631,
        13.756179946393765,
        13.755509418532512,
        13.751436457863907,
        13.75124673474234,
        13.74445657977768,
        13.730542159229879,
        13.72810098909029,
        13.72088336617222,
        13.704705474903419,
        13.698487752928644,
        13.698487752928646,
        13.68161477288044,
        13.681614772880442,
        13.681614772880442,
        13.673402545050273,
        13.66666666666667
    ],
    "initialCoverSeg": 5,
    "greedyCoverSize": 19,
    "runtime": 18677210050,
    "lpBound": 13.66666666666667
}