{
    "initialCoverSize": 46,
    "times": [
        1115735,
        1539613,
        1909159,
        2295077,
        2636617,
        3020209,
        3397310,
        3800781,
        4210735,
        4634132,
        5126569,
        5554682,
        5949971,
        6336348,
        6697182,
        7115148,
        7471262,
        7827402,
        8187157,
        8648613,
        9111643,
        9547939,
        9980967,
        10346063,
        10724027,
        11204191,
        11645738,
        12016378,
        12401406
    ],
    "finalCoverSize": 14,
    "values": [
        15,
        12,
        10,
        8.166666666666666,
        6.666666666666667,
        6.5,
        5.5,
        5.416666666666667,
        5.125,
        5.1034482758620685,
        5.041666666666667,
        4.999999999999999,
        4.958333333333333,
        4.958333333333333,
        4.958333333333332,
        4.950000000000001,
        4.950000000000001,
        4.950000000000001,
        4.95,
        4.791666666666665,
        4.772222222222221,
        4.772222222222222,
        4.729166666666667,
        4.729166666666667,
        4.479166666666666,
        4.454545454545454,
        4.42857142857143,
        4.42857142857143,
        4.42857142857143
    ],
    "initialCoverSeg": 9,
    "greedyCoverSize": 7,
    "runtime": 19179946,
    "lpBound": 4.42857142857143
}