{
    "initialCoverSize": 51,
    "times": [
        1408871,
        2341285,
        3183803,
        3999545,
        4840352,
        5676261,
        6477616,
        7317840,
        8166801,
        9026863,
        9948538,
        10902043,
        11827776,
        12750045,
        13694824,
        14631523,
        15550101,
        16575734,
        17546965,
        18526629
    ],
    "finalCoverSize": 19,
    "values": [
        17,
        17,
        15,
        14,
        14,
        13.5,
        12,
        12,
        12,
        12,
        12,
        11.5,
        11,
        10.666666666666668,
        10.333333333333334,
        10.333333333333336,
        10.333333333333336,
        10.25,
        10.166666666666666,
        10
    ],
    "initialCoverSeg": 5,
    "greedyCoverSize": 11,
    "runtime": 30540722,
    "lpBound": 10
}