{
    "initialCoverSize": 43,
    "times": [
        2058818,
        6122032,
        9724540,
        11925243,
        13646700,
        15246909,
        17003202,
        19311392,
        23438020,
        26446461,
        28170820,
        29943488,
        31613555,
        33300433,
        35371878,
        38978750,
        42456254,
        44587884,
        46361773
    ],
    "finalCoverSize": 18,
    "values": [
        20,
        18,
        17,
        16,
        15,
        14.5,
        14.5,
        14,
        13.5,
        12.5,
        12.25,
        11.25,
        11.25,
        11,
        10.916666666666668,
        10.91666666666667,
        10.833333333333334,
        10.583333333333334,
        10.499999999999998
    ],
    "initialCoverSeg": 5,
    "greedyCoverSize": 13,
    "runtime": 72673667,
    "lpBound": 10.499999999999998
}