{
    "initialCoverSize": 177,
    "times": [
        8029951,
        29782238,
        51376635,
        72878335,
        96803260,
        118213352,
        142637686,
        166946462,
        188614546,
        209932230,
        231763291,
        254817123,
        276306992,
        298547265,
        319986622,
        342611779,
        365655830,
        387307035,
        408758253,
        431354733,
        455827373,
        477859045,
        500722986,
        523308156,
        545175704,
        567734116,
        590817493,
        614077093,
        635675443,
        657351049,
        681719907,
        703197277,
        726180193,
        748702842,
        769874072,
        792992543,
        815869167,
        837813026,
        859322834,
        880664543,
        905503215,
        927326339,
        950329109,
        973001625,
        995600374,
        1018867631,
        1040447057,
        1062496320,
        1085676498,
        1107246484,
        1128903108,
        1150628333,
        1173939128,
        1197175673,
        1219192362,
        1241019689,
        1263550205,
        1286876683,
        1308662495,
        1330974218,
        1354554348,
        1376423734,
        1398448237,
        1420518823,
        1443133221,
        1466574939,
        1488513364,
        1510047343,
        1532822504,
        1560559041,
        1582986289,
        1606441103,
        1628378415,
        1651175143,
        1674709376,
        1696588662,
        1718799282,
        1742558382,
        1764598607,
        1786518031,
        1808720168,
        1834349615,
        1857492627,
        1879589972,
        1901533542,
        1924149980
    ],
    "finalCoverSize": 68,
    "values": [
        77,
        73,
        68,
        66,
        64.5,
        61.5,
        60,
        58,
        55,
        53,
        52,
        51,
        50,
        48,
        47,
        45.5,
        44.5,
        44,
        43,
        42.625,
        41.625,
        41.5,
        40.125,
        38.625,
        36.95833333333333,
        35.45833333333333,
        35.20833333333333,
        34.58333333333333,
        33.83333333333333,
        33.58333333333333,
        33.58333333333333,
        32.75,
        31.958333333333332,
        31.4375,
        30.687499999999996,
        30.479166666666668,
        29.9,
        29.460937499999996,
        29.423611111111107,
        29.33203125,
        29.09615384615384,
        28.975982532751093,
        27.975982532751086,
        27.951725880993642,
        27.933059910956253,
        27.909363305796806,
        27.83599696969697,
        27.746649050245097,
        27.68947410614077,
        27.671484839476808,
        27.649751899661265,
        27.399656593406593,
        27.350744650086753,
        27.285688550226904,
        27.250204248366014,
        27.23022443679504,
        27.19972120378857,
        26.907981337203385,
        26.741314670536724,
        26.488235976196894,
        26.348428121951383,
        26.08149407679738,
        25.935204296003327,
        25.82960850111857,
        25.504868194412214,
        25.388260560037967,
        25.053968558282204,
        24.8039685582822,
        24.717761661730478,
        24.64085010991554,
        24.60286890919158,
        24.551134622325257,
        24.51041298054303,
        24.507797605329156,
        24.46175373134328,
        24.451388888888882,
        24.436728395061728,
        24.436728395061728,
        24.430555555555557,
        24.421633025714872,
        24.421633025714872,
        24.405818488972653,
        24.361527533638355,
        24.35555555555555,
        24.340692755156002,
        24.33333333333333
    ],
    "initialCoverSeg": 8,
    "greedyCoverSize": 36,
    "runtime": 2878875602,
    "lpBound": 24.33333333333333
}