{
    "initialCoverSize": 32,
    "times": [
        1135786,
        1589853,
        2173393,
        2687220,
        3174357,
        3575325,
        3987507,
        4420608,
        4857124,
        5261002,
        5691152,
        6183535,
        6653443,
        7125621
    ],
    "finalCoverSize": 7,
    "values": [
        11,
        10.5,
        10.2,
        10,
        9.777777777777779,
        9.444444444444445,
        8.444444444444443,
        8.444444444444443,
        8.444444444444443,
        7.444444444444445,
        7.444444444444445,
        7.444444444444445,
        7.363636363636363,
        7
    ],
    "initialCoverSeg": 6,
    "greedyCoverSize": 7,
    "runtime": 11092255,
    "lpBound": 7
}