{
    "initialCoverSize": 30,
    "times": [
        3475338,
        4783186,
        5436234,
        6038638,
        6733192,
        7298677,
        7790052,
        8313416,
        8960925,
        9687266,
        10297368
    ],
    "finalCoverSize": 10,
    "values": [
        14,
        12.5,
        11.5,
        10.5,
        10,
        9.75,
        8.75,
        8.75,
        8.75,
        8.75,
        8.666666666666666
    ],
    "initialCoverSeg": 5,
    "greedyCoverSize": 11,
    "runtime": 16682578,
    "lpBound": 8.666666666666666
}