{
    "initialCoverSize": 148,
    "times": [
        3620763,
        15145078,
        27068249,
        40433146,
        52007306,
        63884416,
        75363151,
        89072887,
        100436946,
        112010695,
        123409918,
        134829099,
        146445626,
        157844393,
        171972768,
        183800126,
        195344799,
        207081868,
        218723164,
        229932660,
        241312792,
        252955482,
        264419691,
        279135023,
        292975867,
        304618115,
        316064094,
        327435682,
        338847650,
        350244939,
        361547786,
        373864674,
        386721219,
        398142256,
        409475997,
        420784098,
        432706146,
        445983136,
        458068256,
        469453873,
        480976890,
        493271639,
        506132198,
        517807097,
        529446389,
        540963501,
        555504505,
        567419473,
        579091700,
        591029148,
        606359757,
        618353030,
        630223064,
        642401436,
        654074480,
        665784486,
        677400625,
        692670689,
        707148489,
        720169179,
        731622463,
        743721117,
        757997292,
        770341789,
        782126804,
        796888383,
        813508895,
        827529541,
        842040210,
        856605134,
        871515960,
        884962323,
        901661716,
        915216045,
        929530171
    ],
    "finalCoverSize": 60,
    "values": [
        56,
        53.5,
        51,
        48,
        47,
        44,
        44,
        43,
        42,
        40.5,
        40.5,
        38,
        37.75,
        36.75,
        36.375,
        35.375,
        34.375,
        33.25,
        32.5,
        31.5,
        31.5,
        30.75,
        30.75,
        30.25,
        29.75,
        29.5,
        29.5,
        29.375,
        29.25,
        29,
        28.8125,
        28.3125,
        28.25,
        27.75,
        27.65,
        27.650000000000002,
        27.53125,
        27.09375,
        26.59375,
        26.34375,
        26.34375,
        26.15,
        25.5,
        25.303571428571427,
        25.166666666666664,
        25.166666666666664,
        25.028846153846157,
        24.979166666666664,
        24.979166666666664,
        24.97916666666667,
        24.892045454545457,
        24.84659090909091,
        24.693576388888893,
        24.19357638888889,
        24.05263157894737,
        23.91856060606061,
        23.775122549019606,
        23.684090909090905,
        23.668749999999992,
        22.668749999999996,
        22.668749999999996,
        22.350694444444443,
        22.113636363636363,
        22.113636363636363,
        22.058035714285715,
        22.018069727891156,
        21.953124999999996,
        21.923273273273278,
        21.905968468468473,
        21.900394144144144,
        21.90037878787879,
        21.877486975657945,
        21.843750000000004,
        21.811973358116482,
        21.75
    ],
    "initialCoverSeg": 6,
    "greedyCoverSize": 30,
    "runtime": 1252188371,
    "lpBound": 21.75
}