{
    "initialCoverSize": 104,
    "times": [
        3618561,
        15509444,
        26867900,
        38499711,
        49883365,
        63275095,
        77173853,
        89279028,
        101253742,
        112723088,
        123996770,
        135389237,
        146722326,
        158217360,
        169491362,
        181328768,
        193617117,
        205866734,
        217197718,
        228428311,
        239739364,
        251009388,
        262538794,
        274078025,
        286199831,
        298664916,
        311479606,
        323070664,
        334828766,
        346193833,
        357663476,
        369254112,
        380709555,
        392624236,
        406713664,
        418728195,
        429956645,
        441816308,
        453408505,
        465225490,
        476539970,
        489300286,
        501566911,
        514322747
    ],
    "finalCoverSize": 40,
    "values": [
        48,
        46,
        44,
        43,
        42,
        40,
        38,
        38,
        38,
        37,
        37,
        37,
        37,
        37,
        37,
        36.66666666666668,
        35.5,
        35.5,
        35.5,
        35.5,
        35,
        34.5,
        34.5,
        34.5,
        34.5,
        34.25,
        33.833333333333336,
        33.5,
        33.5,
        32.5,
        32.5,
        32.5,
        32.25,
        31.5,
        31.25,
        30.5,
        29.5,
        29.000000000000004,
        29,
        29,
        28.75,
        28.6,
        28.5,
        28.5
    ],
    "initialCoverSeg": 4,
    "greedyCoverSize": 33,
    "runtime": 664330807,
    "lpBound": 28.5
}