{
    "initialCoverSize": 107,
    "times": [
        2408209,
        11688983,
        22301208,
        32545399,
        42258333,
        53508737,
        62837115,
        72201035,
        81681748,
        91817814,
        102785447,
        114353514,
        124557203,
        136164120,
        147204981,
        157307781,
        169725059,
        179997436,
        190650391,
        202859715,
        213020036,
        223744929,
        235909122,
        247271189,
        259461397,
        270487713,
        281464602,
        294655319,
        307912432,
        318127325,
        329555222,
        341595033,
        351882265,
        362850856,
        375403210,
        385445691,
        396639350,
        408605916,
        419264639,
        430870779,
        441679936,
        452449134,
        464955865,
        474942030,
        485799578,
        498348218,
        510280180,
        521125638
    ],
    "finalCoverSize": 42,
    "values": [
        47,
        45,
        43,
        42,
        41,
        39,
        37,
        37,
        37,
        37,
        37,
        37,
        37,
        36.66666666666668,
        35.5,
        35.5,
        34.5,
        34.5,
        34.5,
        34.25,
        33.25,
        33.25,
        33.25,
        32.75,
        32.25,
        31.75,
        31.75,
        31.5,
        31.33333333333333,
        31.25,
        31,
        29.999999999999993,
        29.999999999999993,
        29.499999999999993,
        29.500000000000004,
        29.500000000000004,
        29.166666666666664,
        29.000000000000004,
        28.5,
        28.5,
        28.5,
        28.5,
        28.5,
        28.5,
        28.333333333333332,
        28.25,
        28.04545454545454,
        28.000000000000004
    ],
    "initialCoverSeg": 4,
    "greedyCoverSize": 33,
    "runtime": 672221593,
    "lpBound": 28.000000000000004
}