{
    "initialCoverSize": 115,
    "times": [
        2364147,
        13209730,
        24324829,
        34893437,
        45638035,
        56153010,
        68149425,
        80266871,
        92484784,
        102820029,
        113960939,
        125109597,
        136123495,
        148773755,
        160265649,
        171554371,
        183477062,
        194624514,
        205709069,
        217989268,
        228881104,
        239652252,
        252429245,
        263351792,
        274489452,
        286959179,
        299127054,
        310850679,
        323346923,
        335833607,
        347200949,
        358805975,
        372340094,
        385813567,
        397896498,
        409523192,
        422739641,
        435409908,
        445885670,
        457592252,
        470058183,
        480852028,
        491540078,
        504935586,
        515625434,
        526634438,
        538627997,
        549155641,
        560200271,
        572027616,
        583034385,
        594024195,
        606462329,
        617711612,
        629440910,
        640452014,
        651654966
    ],
    "finalCoverSize": 37,
    "values": [
        48,
        46,
        44,
        43,
        42,
        40,
        38,
        38,
        37,
        37,
        37,
        36,
        36,
        35,
        35,
        35,
        35,
        34,
        34,
        34,
        34,
        34,
        34,
        34,
        33.66666666666667,
        33.5,
        33.25,
        32.2,
        32.166666666666664,
        31.5,
        31.5,
        30.5,
        30.5,
        30.5,
        30,
        30,
        29.75,
        29.5,
        29.5,
        29,
        29,
        29,
        29,
        28.833333333333325,
        28.833333333333325,
        28.833333333333325,
        28.75,
        28.75,
        28.75,
        28.75,
        28.75,
        28.75,
        28.75,
        28.71875,
        28.5,
        28.5,
        28.499999999999996
    ],
    "initialCoverSeg": 4,
    "greedyCoverSize": 33,
    "runtime": 803032500,
    "lpBound": 28.499999999999996
}