{
    "initialCoverSize": 197,
    "times": [
        4650476,
        18916119,
        35110268,
        49368167,
        63743123,
        78744429,
        93428384,
        108575780,
        122786889,
        137287325,
        151430309,
        165483829,
        180023390,
        194465169,
        210412957,
        224647630,
        239214938,
        253791634,
        267941811,
        282676008,
        298917453,
        314959784,
        329499817,
        343835823,
        358301692,
        372832987,
        387138561,
        402074533,
        418113138,
        432436274,
        446659210,
        466713567,
        481101993,
        496178019,
        513655348,
        528665663,
        543026773,
        559973610,
        576007062,
        590358685,
        604709399,
        619984812,
        636477841,
        652184886,
        666628456,
        681071873,
        695388024,
        709563144,
        724782994,
        742146271,
        756993025,
        772038816,
        786815906,
        802023425,
        816750053,
        831681777,
        847174971,
        863314082,
        878360443,
        896867009,
        911379965,
        926299805,
        941771674,
        956802154,
        970823483,
        985255369,
        1002863966,
        1017825664,
        1034212106,
        1048348132,
        1062792668,
        1076908770,
        1091878671,
        1108314854,
        1122106032,
        1137371323,
        1152206130,
        1166304114,
        1180326586,
        1195323975,
        1211755997,
        1225831161,
        1240218335,
        1258146870,
        1272636012,
        1286790947,
        1302016530,
        1318448802,
        1332922339,
        1347857500,
        1366562214,
        1384011695,
        1398906596,
        1416389149,
        1430376626,
        1445151844,
        1460741854,
        1476108788,
        1490193488,
        1504540034,
        1518789125,
        1533098484,
        1548145757,
        1563299171,
        1578866797,
        1594001748,
        1608994498,
        1623811524,
        1638638923,
        1655056386,
        1670862652,
        1686087469,
        1701034480,
        1715832004
    ],
    "finalCoverSize": 75,
    "values": [
        65,
        58,
        53,
        49,
        47,
        45.333333333333336,
        43,
        41.333333333333336,
        40.50000000000001,
        39.83333333333334,
        38.50000000000001,
        37.83333333333334,
        36.66666666666668,
        35.16666666666668,
        35.11111111111113,
        34.5,
        33.86111111111111,
        33.708333333333336,
        33.25,
        32.94444444444445,
        32.58333333333332,
        31.374999999999996,
        31.124999999999996,
        30.372222222222224,
        29.958333333333336,
        29.958333333333336,
        28.72222222222222,
        27.708333333333332,
        26.902777777777775,
        26.31944444444444,
        25.319444444444443,
        25.111111111111104,
        24.555555555555554,
        23.555555555555557,
        23.375000000000004,
        22.72222222222222,
        22.56018518518519,
        22.5048309178744,
        22.060386473429958,
        21.95111111111111,
        21.87490802060339,
        21.650000000000002,
        21.43023255813954,
        21.324393358876122,
        21.08641975308642,
        21.061302681992338,
        21.035516860143723,
        21.034964068546163,
        20.966019417475728,
        20.945164905539553,
        20.90616368303106,
        20.776618421404326,
        20.71511080867651,
        20.57730945230945,
        20.447791455261576,
        20.442054728071682,
        20.42711352153213,
        20.368767227837324,
        20.368767227837324,
        20.367982181475085,
        20.291077295412943,
        20.16812672593426,
        20.139680705358668,
        19.97897496970457,
        19.906352705680057,
        19.882341324623265,
        19.882341324623265,
        19.83212540353801,
        19.763878957747714,
        19.722057979516464,
        19.698059207000973,
        19.698059207000973,
        19.66830025005855,
        19.668300250058547,
        19.668300250058554,
        19.66830025005855,
        19.66735655537623,
        19.618779374279733,
        19.584695174464358,
        19.573420067367206,
        19.42735627354453,
        19.427356273544525,
        19.398650473836366,
        19.39483304473231,
        19.392944056405295,
        19.38728848830133,
        19.387266540181574,
        19.38309494806873,
        19.350744196440896,
        19.287859244762526,
        19.287228742552546,
        19.27587904539197,
        19.25853212737057,
        19.24416347618187,
        19.244163476181868,
        19.222261520440135,
        19.207086452364628,
        19.163271649511124,
        19.133132067735275,
        19.1220313148414,
        19.110601812109774,
        19.085047961452126,
        19.053406640991767,
        19.038625025824686,
        18.985453241089445,
        18.94832929552872,
        18.94435002473763,
        18.921125741139146,
        18.913579218638258,
        18.880140943326236,
        18.86548384681357,
        18.842476811350572,
        18.836712475381738,
        18.833333333333336
    ],
    "initialCoverSeg": 8,
    "greedyCoverSize": 29,
    "runtime": 2302831661,
    "lpBound": 18.833333333333336
}