{
    "initialCoverSize": 120,
    "times": [
        2914487,
        13703298,
        24118337,
        34387533,
        48087852,
        59179202,
        69261479,
        81135286,
        91315135,
        101801160,
        113270426,
        125279490,
        135609953,
        146740158,
        157866519,
        170181200,
        182150915,
        192508874,
        203027941,
        214091322,
        224450472,
        235784969,
        246404764,
        258194917,
        270411585,
        281190824,
        291921759,
        303517988,
        314058782,
        324718646,
        336454252,
        346777359,
        357451277,
        367998635,
        379047925,
        390188328,
        400957184,
        411545036,
        425043542,
        435918223,
        447452026,
        459984077,
        470988039,
        482069707,
        493904431,
        504985181,
        515610135,
        528449054,
        540692900,
        551619637,
        563160676,
        577052096,
        588479650,
        600883739,
        613616469,
        625869089,
        638434236
    ],
    "finalCoverSize": 45,
    "values": [
        48,
        45,
        42,
        39,
        36,
        36,
        35,
        35,
        34,
        33.5,
        32.5,
        32.5,
        32.5,
        31.5,
        31.5,
        30.5,
        29.25,
        28.5,
        28.5,
        28.25,
        27.75,
        27.400000000000006,
        26.583333333333336,
        25.9375,
        25.28125,
        24.46315789473684,
        24.400000000000002,
        23.609375,
        22.609375,
        22.201923076923077,
        22.20192307692308,
        21.77631578947368,
        21.7125,
        21.684400826446275,
        21.523840206185568,
        21.5,
        21.28935185185185,
        21.28935185185185,
        20.60714285714285,
        20.60714285714285,
        19.85805084745763,
        19.60714285714285,
        18.868421052631582,
        18.868421052631582,
        18.550646551724135,
        18.35355392156863,
        18.28072478991597,
        18.216641104294474,
        18.03472222222222,
        17.85228539576366,
        17.833333333333336,
        17.819444444444443,
        17.666666666666668,
        17.666666666666664,
        17.666666666666664,
        17.666666666666668,
        17.666666666666668
    ],
    "initialCoverSeg": 5,
    "greedyCoverSize": 25,
    "runtime": 855241117,
    "lpBound": 17.666666666666668
}