{
    "initialCoverSize": 166,
    "times": [
        4431837,
        15437746,
        26213339,
        37908092,
        48527509,
        59316929,
        70893223,
        81624022,
        93392164,
        104484952,
        115053221,
        126305305,
        136995826,
        147675532,
        159644842,
        170323280,
        181027995,
        192815643,
        205092069,
        219057900,
        237894499,
        258006745,
        279579048,
        299230939,
        320593857,
        341317004,
        360313051,
        379306917,
        391536801,
        405140228,
        416453477,
        428055715,
        440647366,
        451823101,
        463011240,
        474276754,
        485547756,
        497001233,
        508136050,
        519300910,
        531135064,
        543606703,
        554733945,
        566033063,
        577426168,
        590183748,
        602025309,
        613319673,
        624702544,
        635964180,
        647303718,
        658531738,
        669942229,
        681059973,
        693267327,
        705383286,
        716761418,
        727973349,
        739558702,
        750795271,
        762148165,
        773365521,
        784340617,
        797584451,
        810114225,
        821471038,
        832847478,
        844938782,
        856513628,
        868163248,
        879556773,
        891292749,
        905560778,
        917183578,
        928589728,
        939980960,
        951672122,
        963093641,
        977726035,
        989380025,
        1000696168,
        1012067298,
        1023746555,
        1035262342,
        1046338422,
        1061901644,
        1076354588,
        1089088944,
        1100390751,
        1111512265,
        1122743950,
        1134139741,
        1145646878,
        1157981269,
        1171347399,
        1185080196,
        1196363632
    ],
    "finalCoverSize": 43,
    "values": [
        56,
        52,
        50,
        49.5,
        48,
        46,
        44,
        43,
        42.5,
        42.5,
        42,
        41.5,
        40.5,
        40,
        39.25,
        38.875,
        38.0625,
        37.46875,
        37.265625,
        36.765625,
        36.3671875,
        35.8671875,
        35.31640625,
        34.31640625,
        33.734375,
        33.234375,
        33.234375,
        32.734375,
        31.984375,
        31.98046875,
        31.98046875,
        30.98046875,
        30.8125,
        30.47916666666666,
        30.145833333333332,
        29.98046875,
        28.984375,
        28.81640625,
        28.484375,
        28.31640625,
        28.16015625,
        27.578125,
        27.578125,
        27.578125,
        27.48102678571429,
        27.296875,
        27.296875,
        27.265625,
        27.148921460176993,
        27.126736111111107,
        27.089182692307688,
        27.089182692307688,
        27.056250000000002,
        27.056250000000002,
        26.962860576923077,
        26.962860576923074,
        26.802397930648766,
        26.78305288461538,
        26.5010162601626,
        26.46696696696696,
        26.29356060606061,
        26.12479871175524,
        26.12479871175524,
        25.813131313131326,
        25.762345679012352,
        25.72154471544716,
        25.61197916666667,
        25.50769230769231,
        25.447916666666664,
        25.299999999999997,
        25.208333333333332,
        25.166666666666668,
        25.166666666666668,
        25,
        24.86805555555556,
        24.66666666666667,
        24.66666666666666,
        24.333333333333332,
        24.333333333333332,
        24.125,
        24.125,
        24.09583333333333,
        23.958333333333332,
        23.958333333333332,
        23.958333333333332,
        23.9375,
        23.93650793650794,
        23.93055555555556,
        23.93055555555556,
        23.88888888888889,
        23.88888888888889,
        23.864583333333332,
        23.864583333333332,
        23.861111111111104,
        23.833333333333332,
        23.833333333333332,
        23.833333333333332
    ],
    "initialCoverSeg": 5,
    "greedyCoverSize": 33,
    "runtime": 1452504074,
    "lpBound": 23.833333333333332
}