{
    "initialCoverSize": 148,
    "times": [
        5068909,
        17978038,
        34245177,
        46499702,
        60017091,
        74504823,
        88600567,
        101723893,
        113333461,
        126713706,
        139814034,
        152596201,
        164248084,
        178043241,
        190343101,
        202623392,
        215128165,
        228852667,
        242321198,
        255396802,
        267556959,
        280508189,
        293335343,
        306385026,
        321772657,
        333751802,
        346750595,
        358766341,
        371057259,
        383267572,
        396158145,
        409158257,
        421633539,
        434971609,
        448213301,
        460022391,
        472016525,
        485555705,
        497316297,
        509965206,
        522259769,
        536133882,
        548248664,
        560358423,
        575119614,
        588429248,
        600633721,
        612428944,
        624907108,
        638039302,
        649943626,
        661853852,
        676512669,
        689565840,
        701794640,
        713981923,
        727334313,
        739331292,
        751018155,
        763456089,
        777124966,
        790679215,
        803263594,
        814232568,
        825422615,
        836755279,
        848051135,
        859871562,
        871232139,
        883372555,
        896326405,
        908763371,
        920905323,
        933069566,
        947188118
    ],
    "finalCoverSize": 60,
    "values": [
        56,
        53.5,
        51,
        48,
        47,
        44,
        44,
        43,
        42,
        40.5,
        40.5,
        38,
        37.75,
        36.75,
        36.375,
        35.375,
        34.375,
        33.25,
        32.5,
        31.5,
        31.5,
        30.75,
        30.75,
        30.25,
        29.75,
        29.5,
        29.5,
        29.375,
        29.25,
        29,
        28.8125,
        28.3125,
        28.25,
        27.75,
        27.65,
        27.650000000000002,
        27.53125,
        27.09375,
        26.59375,
        26.34375,
        26.34375,
        26.15,
        25.5,
        25.303571428571427,
        25.166666666666664,
        25.166666666666664,
        25.028846153846157,
        24.979166666666664,
        24.979166666666664,
        24.97916666666667,
        24.892045454545457,
        24.84659090909091,
        24.693576388888893,
        24.19357638888889,
        24.05263157894737,
        23.91856060606061,
        23.775122549019606,
        23.684090909090905,
        23.668749999999992,
        22.668749999999996,
        22.668749999999996,
        22.350694444444443,
        22.113636363636363,
        22.113636363636363,
        22.058035714285715,
        22.018069727891156,
        21.953124999999996,
        21.923273273273278,
        21.905968468468473,
        21.900394144144144,
        21.90037878787879,
        21.877486975657945,
        21.843750000000004,
        21.811973358116482,
        21.75
    ],
    "initialCoverSeg": 6,
    "greedyCoverSize": 30,
    "runtime": 1308035593,
    "lpBound": 21.75
}