{
    "initialCoverSize": 140,
    "times": [
        3039394,
        13512800,
        24161062,
        37537989,
        48909654,
        59313386,
        69815414,
        80142594,
        90367885,
        100507307,
        111065455,
        121467716,
        134337854,
        148353949,
        159129224,
        169557241,
        179800621,
        190233918,
        200427168,
        210628362,
        220914911,
        231156123,
        243859857,
        255884343,
        266358937,
        276799568,
        288528854,
        302990125,
        313881697,
        324203796,
        336050985,
        351430082,
        362550158,
        373014672,
        383325318,
        393580667,
        410316661,
        424921990,
        436112514,
        446481611,
        458548821,
        471076757,
        483177113,
        493572175,
        505500279,
        516102997,
        530598150,
        540981275,
        551380769,
        561813740,
        572203990,
        582643923,
        593193137,
        603906820,
        616214180,
        629198773,
        640892137,
        651374460,
        663298152,
        674991388,
        687061711,
        697448823,
        710658871,
        722645001,
        737807001,
        748734802,
        759189626,
        771328837,
        784555736,
        795979142,
        806346890
    ],
    "finalCoverSize": 53,
    "values": [
        56,
        54,
        50,
        48,
        46,
        44,
        42,
        42,
        42.00000000000001,
        41.00000000000001,
        41,
        40,
        38,
        38,
        38,
        38,
        37,
        36,
        35,
        35,
        35,
        35,
        34.5,
        33.75,
        32.75,
        32.1875,
        32,
        31.234375,
        31.1484375,
        31.1484375,
        30.5625,
        30.5625,
        30.5625,
        30.010416666666675,
        29.5625,
        29.1484375,
        29.1484375,
        29.107421875,
        29.0966796875,
        28.5966796875,
        28.546875,
        28.490234375,
        28.27190721649485,
        28.243323442136504,
        28.199107142857137,
        28.130409836065578,
        28.034754098360665,
        27.952677595628415,
        27.584262295081963,
        27.584262295081963,
        27.50081967213114,
        27.422314049586774,
        27.227992087042537,
        27.083333333333332,
        26.666666666666664,
        26.666666666666668,
        26.666666666666668,
        26.666666666666664,
        26.666666666666664,
        26.436079545454547,
        26.436079545454547,
        26.436079545454547,
        26.37171052631579,
        26.37171052631579,
        26.31875,
        26.050925925925917,
        25.999999999999993,
        25.864451476793242,
        25.7816091954023,
        25.666666666666664,
        25.666666666666668
    ],
    "initialCoverSeg": 5,
    "greedyCoverSize": 35,
    "runtime": 1065086258,
    "lpBound": 25.666666666666668
}