{
    "initialCoverSize": 156,
    "times": [
        3868094,
        16533275,
        30872411,
        43732035,
        56170545,
        68929176,
        83415463,
        96105065,
        109092587,
        121834040,
        136365812,
        149598017,
        161981263,
        174851827,
        188333585,
        200865560,
        213400606,
        225953719,
        238347532,
        250812072,
        263196799,
        275854432,
        291014339,
        303765703,
        316160043,
        329012843,
        343626383,
        356408277,
        369183552,
        382141161,
        396692824,
        409328234,
        422020074,
        434461875,
        447317555,
        463236532,
        476826487,
        489820685,
        503336775,
        515739562,
        528045901,
        541485034,
        554926168,
        567711944,
        580977948,
        594726940,
        608046795,
        620602862,
        633059558,
        647340234,
        661214905,
        673724141,
        686486980,
        700898424,
        714718890,
        727507086,
        741559478,
        759189712,
        771771463,
        784370700,
        796863729,
        810890842,
        827021141,
        839800413,
        852825355,
        866071736,
        879122251,
        892501996,
        910436480,
        924412543,
        937864343,
        950972871,
        964502473,
        977812159,
        991141141,
        1005053802,
        1026291843,
        1042552073,
        1056223514,
        1069396921,
        1082889677
    ],
    "finalCoverSize": 68,
    "values": [
        59,
        56.5,
        54.25,
        51.75,
        46.75,
        45.75,
        44.75,
        41.75,
        41.25,
        39.75,
        39.75,
        38.25,
        37,
        36.25,
        35.25,
        34.75,
        34.25,
        33.25,
        32.25,
        32,
        31.5,
        31.5,
        31.25,
        30.75,
        30.666666666666668,
        30.45833333333334,
        30.45833333333334,
        29.95833333333334,
        29.515625,
        29.25,
        28.9375,
        28.66666666666666,
        28.59583333333334,
        28.575000000000003,
        28.575000000000003,
        28.534615384615385,
        28.400000000000002,
        28.290671641791047,
        28.06018518518519,
        28.004237288135595,
        27.75423728813559,
        27.56991525423729,
        27.251785714285713,
        27.05625,
        26.821428571428566,
        26.599999999999998,
        26.388888888888886,
        26.244047619047617,
        26.170889639639633,
        25.97368421052632,
        25.9278511821975,
        25.884768267929633,
        25.649193548387103,
        24.87677406981205,
        24.706960261691304,
        24.560256386557732,
        24.47701420905449,
        24.30502450980392,
        24.248842592592595,
        24.1976461038961,
        24.06722246127367,
        24.06722246127367,
        24.067222461273666,
        24.067222461273666,
        23.842370486168626,
        23.793160872342362,
        23.775228395261006,
        23.73181774162309,
        23.38114502950522,
        23.270586993243242,
        23.237875447781757,
        23.10790671727284,
        23.069620408564134,
        22.949473810993517,
        22.91231797903096,
        22.904423435965157,
        22.86394722866948,
        22.831712669243423,
        22.809124310911564,
        22.771779446281098,
        22.750000000000004
    ],
    "initialCoverSeg": 6,
    "greedyCoverSize": 33,
    "runtime": 1422041879,
    "lpBound": 22.750000000000004
}