{
    "initialCoverSize": 143,
    "times": [
        3704519,
        16163874,
        29738656,
        42524266,
        54568307,
        66776176,
        80189381,
        93053380,
        104895800,
        116724759,
        128884288,
        140805960,
        152837843,
        164910504,
        177678515,
        191379237,
        203442112,
        215566249,
        227556118,
        239760211,
        251675001,
        263540716,
        276099381,
        290526683,
        302877832,
        314966552,
        326957323,
        341974292,
        354388683,
        366326905,
        378375981,
        390424842,
        402433713,
        414417426,
        426353890,
        439408235,
        452249269,
        464362942,
        476389894,
        488258292,
        500197443,
        512603823,
        524730722,
        538026962,
        550124316,
        562394714,
        574773381,
        588213650,
        600486369,
        612555455,
        624554958,
        636711906,
        648871668,
        661093529,
        673555044,
        688134009,
        701295393,
        714708248,
        728431326,
        740652061,
        753008159,
        765432428,
        779615124,
        794768989,
        807201606,
        819581514,
        832392006,
        848140955,
        860741666,
        874273833
    ],
    "finalCoverSize": 63,
    "values": [
        57,
        54.5,
        52,
        49,
        48,
        45,
        45,
        43,
        41.5,
        40,
        39.75,
        38.75,
        38.5,
        37.5,
        37,
        36.25,
        35.5,
        34.75,
        33.75,
        32.75,
        32.25,
        32.25,
        31.75,
        31.5,
        31,
        30.4375,
        30.216666666666665,
        30.0625,
        29.83653846153846,
        29.444444444444446,
        29.39236111111111,
        29.265625,
        29.17824074074073,
        28.97222222222222,
        28.708333333333332,
        28.650000000000006,
        27.650000000000002,
        27.650000000000006,
        27.650000000000002,
        27.037671232876708,
        26.65625,
        26.25416666666667,
        26.25416666666667,
        26.197916666666668,
        26.197916666666668,
        26.18877551020408,
        26.0625,
        26.005681818181817,
        25.700980392156858,
        25.44444444444445,
        25.024739583333332,
        24.993321718931476,
        24.868131868131865,
        24.198959884586746,
        23.989484752891695,
        23.98948475289169,
        23.98948475289169,
        23.73612508383635,
        23.55797522260937,
        23.44210057548358,
        22.857872631531933,
        22.857872631531933,
        22.52190150406072,
        22.52190150406072,
        22.200460918637464,
        22.05686184942404,
        22.01053785196425,
        22.00852272727273,
        22,
        22.000000000000007
    ],
    "initialCoverSeg": 6,
    "greedyCoverSize": 34,
    "runtime": 1224527211,
    "lpBound": 22.000000000000007
}