{
    "initialCoverSize": 145,
    "times": [
        5533792,
        20309554,
        36287432,
        52254483,
        66977027,
        85456312,
        102187581,
        116756642,
        131454713,
        145704859,
        161466411,
        180103237,
        194803936,
        211371195,
        227497373,
        246116389,
        266534319,
        283456859,
        302447081,
        319888729,
        337023820,
        355739340,
        372426563,
        389879950,
        406024657,
        423357548,
        443463727,
        464900412,
        480799958,
        494470037,
        509380187,
        523255260,
        536799957,
        551074153,
        568747221,
        585479810,
        602132459,
        621346947,
        642610865,
        659701233,
        680053139,
        695043194,
        711286737,
        727697535,
        747215164,
        769090165,
        790603099,
        806771173,
        823050196,
        839673058,
        860727086,
        877659525,
        892668639,
        908403851,
        924987582,
        937935245,
        958048713,
        979813157,
        992635268,
        1007202202,
        1024657305,
        1038806354,
        1051834589,
        1071210260,
        1087610344,
        1104709898,
        1117585711,
        1130680304,
        1143699363,
        1156632387,
        1169543699,
        1186528043
    ],
    "finalCoverSize": 71,
    "values": [
        57,
        54.5,
        52.25,
        49.75,
        44.75,
        43.75,
        42.75,
        40.75,
        40.25,
        40,
        39,
        37.25,
        37,
        37,
        36,
        35,
        34,
        33,
        31.5,
        31.25,
        30.25,
        30,
        29.75,
        29.5,
        29.5,
        28.875,
        28.3125,
        28.145833333333336,
        27.187500000000004,
        27.062499999999996,
        26.818181818181817,
        26.696428571428584,
        26.66666666666666,
        26.446428571428577,
        26.175,
        26.013888888888896,
        25.95192307692307,
        25.63690476190476,
        25.410256410256405,
        25.406385281385287,
        25.09065934065934,
        25.07142857142857,
        24.957547169811317,
        24.9270083364911,
        24.876953124999993,
        24.77811653116531,
        24.725318144499184,
        24.631909013605444,
        24.108240740740737,
        23.927482159731493,
        23.631909013605437,
        23.631909013605437,
        23.631909013605444,
        23.631909013605444,
        23.523188405797097,
        23.44413269411725,
        23.40176999056201,
        23.243196604146636,
        23.1867857645032,
        22.686785764503203,
        22.54643117072156,
        22.443101192355616,
        22.272302960673834,
        22.1289342567527,
        22.115634777601002,
        21.928265962844815,
        21.871455754318948,
        21.83380141674297,
        21.816192512698027,
        21.793924530374724,
        21.792229063706824,
        21.75
    ],
    "initialCoverSeg": 6,
    "greedyCoverSize": 30,
    "runtime": 1632875458,
    "lpBound": 21.75
}