{
    "initialCoverSize": 140,
    "times": [
        2992661,
        14880142,
        27049446,
        38479087,
        49891919,
        62088158,
        74581593,
        86585558,
        98077887,
        110416875,
        122474275,
        133678895,
        145228063,
        157553903,
        168932787,
        180379703,
        192328648,
        203731702,
        215425155,
        227810680,
        239185547,
        250641525,
        263013049,
        274970368,
        287256423,
        300058209,
        312134301,
        323765773,
        336730331,
        349342750,
        360606005,
        371980695,
        384730187,
        396432088,
        407685688,
        420685490,
        432969874,
        444618704,
        456141790,
        468740648,
        480648605,
        492349425,
        505413060,
        516678976,
        528179984,
        540868688,
        551927317,
        562592917,
        573944820,
        584898680,
        595668062,
        606406379,
        617386599,
        628628139,
        643569761,
        654117180,
        664203555,
        674373405,
        685125024,
        698113217,
        708000478,
        718134392,
        728966249,
        740505226,
        752142343,
        763737894,
        775021349,
        786072220,
        797288620,
        808546499,
        819048727
    ],
    "finalCoverSize": 53,
    "values": [
        56,
        54,
        50,
        48,
        46,
        44,
        42,
        42,
        42.00000000000001,
        41.00000000000001,
        41,
        40,
        38,
        38,
        38,
        38,
        37,
        36,
        35,
        35,
        35,
        35,
        34.5,
        33.75,
        32.75,
        32.1875,
        32,
        31.234375,
        31.1484375,
        31.1484375,
        30.5625,
        30.5625,
        30.5625,
        30.010416666666675,
        29.5625,
        29.1484375,
        29.1484375,
        29.107421875,
        29.0966796875,
        28.5966796875,
        28.546875,
        28.490234375,
        28.27190721649485,
        28.243323442136504,
        28.199107142857137,
        28.130409836065578,
        28.034754098360665,
        27.952677595628415,
        27.584262295081963,
        27.584262295081963,
        27.50081967213114,
        27.422314049586774,
        27.227992087042537,
        27.083333333333332,
        26.666666666666664,
        26.666666666666668,
        26.666666666666668,
        26.666666666666664,
        26.666666666666664,
        26.436079545454547,
        26.436079545454547,
        26.436079545454547,
        26.37171052631579,
        26.37171052631579,
        26.31875,
        26.050925925925917,
        25.999999999999993,
        25.864451476793242,
        25.7816091954023,
        25.666666666666664,
        25.666666666666668
    ],
    "initialCoverSeg": 5,
    "greedyCoverSize": 35,
    "runtime": 1079084342,
    "lpBound": 25.666666666666668
}