{
    "initialCoverSize": 48,
    "times": [
        1430758,
        2358400,
        3272921,
        4167237,
        5060769,
        5933861,
        6866992,
        7811144,
        8742759,
        9852731,
        10784675,
        11704905,
        12760560,
        13809419,
        14771576,
        15808277,
        16819130,
        17813181,
        18817017,
        19659763,
        20551854,
        21624557,
        22650239,
        23644653
    ],
    "finalCoverSize": 18,
    "values": [
        22,
        20,
        19,
        18,
        17,
        15,
        15,
        15,
        13,
        13,
        12.5,
        12.5,
        12.333333333333336,
        12,
        11.66666666666667,
        11.5,
        11,
        11,
        10.75,
        9.75,
        9.75,
        9.5,
        9.333333333333336,
        9.000000000000004
    ],
    "initialCoverSeg": 4,
    "greedyCoverSize": 11,
    "runtime": 32301303,
    "lpBound": 9.000000000000004
}