{
    "initialCoverSize": 152,
    "times": [
        3563750,
        18599296,
        33383643,
        46726352,
        59265980,
        72119854,
        87318993,
        99812290,
        112185820,
        125129669,
        139458312,
        151988626,
        164714086,
        177409004,
        192322385,
        205142162,
        218853523,
        232959590,
        246847637,
        260066133,
        272747369,
        285952464,
        299264112,
        311630700,
        323890979,
        336460768,
        348972544,
        361394455,
        374036143,
        387444582,
        402442378,
        415141814,
        427608632,
        440023316,
        452413401,
        465058443,
        478774599,
        491876248,
        505682294,
        518317510,
        531200702,
        543838909,
        557581468,
        570511131,
        583186526,
        595536344,
        607893192,
        620170444,
        633618060,
        646054413,
        660643946,
        673479354,
        686325751,
        698918470,
        711494219,
        723919758,
        737224999,
        756222752,
        771760902,
        784143083,
        796578243,
        808936144,
        821426135,
        834155405,
        849282514,
        866012033,
        879038740,
        891824714,
        905944359,
        923403580,
        936337472,
        949354530,
        962215844,
        975126181,
        988262020,
        1001181098,
        1018269705,
        1032658466
    ],
    "finalCoverSize": 69,
    "values": [
        59,
        56.5,
        54.25,
        51.75,
        46.75,
        45.75,
        44.75,
        42.75,
        42.25,
        41.75,
        41.25,
        40.5,
        38.75,
        37.25,
        36.75,
        35,
        33.75,
        32.25,
        31.75,
        31.75,
        31.625,
        31.625,
        31.625,
        31.25,
        30.875,
        30.5,
        30.3125,
        30.250000000000007,
        30.0625,
        29.6875,
        29.487500000000004,
        29.21875,
        28.928030303030305,
        28.859186746987955,
        28.66370967741936,
        28.51388888888889,
        28.457167832167833,
        28.360588972431085,
        27.971171586715865,
        27.424999999999997,
        27.38392857142857,
        27.28333333333333,
        27.22619047619047,
        27.086521352313174,
        26.83333333333332,
        26.71141975308643,
        26.417708333333344,
        26.31282051282051,
        26.247368421052627,
        26.111762734584445,
        25.765165441176475,
        25.557144840994308,
        25.471700475832712,
        24.55714484099431,
        24.471700475832712,
        24.471700475832712,
        24.267140058765918,
        24.157196969696965,
        24.117021276595736,
        24.11702127659574,
        24.117021276595743,
        24.11702127659574,
        24.062314851042427,
        24.008231178129744,
        23.986851585014417,
        23.758231178129748,
        23.75683492999263,
        23.546304431507718,
        23.142857142857146,
        23.12251001573123,
        22.982746697932615,
        22.933747731747808,
        22.8285649265111,
        22.7947127903145,
        22.763652578013563,
        22.750004471567696,
        22.749999999999996,
        22.75
    ],
    "initialCoverSeg": 6,
    "greedyCoverSize": 32,
    "runtime": 1375622096,
    "lpBound": 22.75
}