{
    "initialCoverSize": 45,
    "times": [
        1189463,
        2091438,
        3052373,
        4026550,
        4975714,
        5973364,
        6949511,
        7833776,
        8725809,
        10316526,
        11730015,
        12955938,
        14206075,
        15207904,
        16092227,
        17087364,
        18053080,
        19003156,
        19917692,
        20826620,
        21882216,
        22905550
    ],
    "finalCoverSize": 15,
    "values": [
        21,
        19,
        18,
        17,
        16,
        14,
        14,
        14,
        12,
        12,
        11,
        11,
        11,
        11,
        10.666666666666666,
        10,
        10,
        9.666666666666666,
        9,
        9,
        8.857142857142858,
        8.5
    ],
    "initialCoverSeg": 4,
    "greedyCoverSize": 10,
    "runtime": 32518282,
    "lpBound": 8.5
}