{
    "initialCoverSize": 49,
    "times": [
        3791196,
        4867794,
        5736535,
        6833342,
        7860928,
        8911136,
        9932810,
        10890613,
        11841881,
        12714635,
        13682214,
        15324142,
        16646873,
        18111572,
        19325207,
        20448575,
        21412572,
        22354837,
        23381185,
        24478923,
        25499149,
        26640860,
        27626978,
        28657314,
        29690508
    ],
    "finalCoverSize": 15,
    "values": [
        22,
        20,
        19,
        18,
        17,
        15,
        15,
        15,
        13,
        13,
        12,
        12,
        12,
        12,
        11.666666666666668,
        11,
        11,
        10.666666666666666,
        10,
        9.5,
        9.5,
        9.5,
        9.25,
        9,
        9
    ],
    "initialCoverSeg": 4,
    "greedyCoverSize": 11,
    "runtime": 42702246,
    "lpBound": 9
}