{
    "initialCoverSize": 145,
    "times": [
        7592959,
        22297089,
        36147654,
        48791646,
        60544829,
        76188688,
        91062517,
        105170317,
        118186216,
        130583791,
        143261450,
        157925696,
        171068498,
        182378866,
        195262701,
        208068805,
        219855942,
        231845348,
        244422702,
        256678448,
        268106656,
        280356682,
        293690921,
        305160914,
        316622275,
        329797567,
        341239495,
        352581983,
        364667432,
        377666975,
        390595542,
        402682604,
        414725330,
        425843714,
        436773497,
        448718892,
        459852661,
        470890769,
        483294856,
        495041880,
        506124365,
        518433654,
        530095922,
        541971716,
        555169820,
        568073628,
        579678101,
        591024893,
        603329873,
        614450398,
        625874169,
        638408744,
        650582811,
        662261970,
        675077366,
        687644992,
        699173386,
        710399608,
        722686217,
        734252620,
        749680945,
        766557282,
        779058941,
        790466450,
        802351394,
        815172801,
        826636049,
        837934975,
        850769678,
        862621830,
        874185702,
        885772578,
        899015286,
        910373657,
        921774232
    ],
    "finalCoverSize": 55,
    "values": [
        57,
        55,
        51,
        49,
        47,
        45,
        43,
        43,
        42,
        42,
        42,
        41.5,
        40.5,
        39.9,
        39.5,
        38.875,
        38.25,
        37.25,
        37.25,
        37.25,
        37.09375,
        37.09375,
        35.61111111111112,
        34.61111111111111,
        33.958333333333336,
        33.875,
        33.63392857142857,
        32.661706349206355,
        32.108333333333334,
        31.675,
        31.55,
        31.125,
        31.125,
        30.625,
        30.50357142857143,
        30.50357142857143,
        29.76547619047619,
        29.508928571428573,
        29.508928571428573,
        29.433333333333334,
        29.40833333333333,
        29.40833333333333,
        29.230208333333337,
        29.150000000000002,
        29.038888888888884,
        29.022340425531915,
        28.660558464223385,
        28.549369747899167,
        28.444444444444436,
        28.444444444444436,
        28.390535714285715,
        28.330801104972377,
        28.10839285714285,
        28.004219409282687,
        27.999999999999996,
        27.749999999999993,
        27.666666666666664,
        27.33333333333333,
        27.166666666666657,
        27.093322386425836,
        27,
        27.000000000000004,
        27.000000000000004,
        27.000000000000004,
        27.000000000000004,
        26.999999999999993,
        26.777777777777775,
        26.57706093189964,
        26.42995169082126,
        26.429951690821255,
        26.32706093189964,
        26.25,
        25.999999999999996,
        25.999999999999996,
        26
    ],
    "initialCoverSeg": 5,
    "greedyCoverSize": 35,
    "runtime": 1188445515,
    "lpBound": 26
}