{
    "initialCoverSize": 197,
    "times": [
        5517942,
        23518086,
        38988703,
        54575227,
        69757701,
        89356634,
        105277045,
        120508168,
        135590033,
        150909369,
        166049446,
        181692143,
        199238111,
        214420424,
        229585701,
        245607802,
        265350734,
        281033271,
        296312276,
        311389065,
        326878392,
        342465650,
        358058383,
        375280113,
        390576395,
        405804962,
        420897336,
        436001537,
        451872771,
        470605233,
        486123035,
        501607493,
        517144484,
        532293575,
        548246563,
        563955645,
        581628351,
        596914645,
        613002590,
        630794042,
        646223085,
        661649714,
        677616761,
        693050238,
        709074931,
        728361906,
        744732440,
        760099085,
        777148931,
        793821548,
        810689918,
        830827558,
        847705721,
        864102535,
        881666543,
        901778740,
        918348827,
        934480757,
        950931444,
        966926339,
        983570195,
        1005388981,
        1022214360,
        1039890306,
        1057696394,
        1074215530,
        1092434437,
        1112201684,
        1128687235,
        1145228309,
        1161657175,
        1178170399,
        1197876230,
        1219061224,
        1235743265,
        1255396811,
        1273702976,
        1290203330,
        1307636539,
        1327845345,
        1345868165,
        1363048072,
        1380339302,
        1397299905,
        1421650245,
        1440932318,
        1458821030,
        1476321781,
        1493353738,
        1510421382,
        1527446550,
        1546763241,
        1573361874,
        1596382082,
        1613439180,
        1631117591,
        1650403968,
        1667904227,
        1684686630,
        1702258462,
        1720054845,
        1738477337,
        1758298689,
        1775823257,
        1793503679,
        1810948639,
        1830174090,
        1850424678,
        1867354746,
        1883389535,
        1903109184,
        1920145894,
        1936434838
    ],
    "finalCoverSize": 79,
    "values": [
        67,
        62,
        56,
        51,
        50,
        48.333333333333336,
        47.833333333333336,
        46.833333333333336,
        45.16666666666667,
        43.16666666666667,
        42.833333333333336,
        42.16666666666667,
        41.66666666666667,
        40.66666666666667,
        40.44444444444445,
        38,
        36.66666666666667,
        35.66666666666668,
        33.5,
        33.5,
        33.33333333333333,
        33.33333333333333,
        32.45833333333333,
        32.16666666666667,
        31.083333333333332,
        30.25,
        29.72222222222222,
        28.98611111111111,
        28.48611111111111,
        27.85555555555556,
        27.444444444444446,
        26.472222222222218,
        25.47222222222222,
        25.47222222222222,
        24.40277777777778,
        24.34722222222222,
        23.398148148148145,
        23.234567901234566,
        23.182539682539684,
        22.864197530864196,
        22.583333333333336,
        22.101851851851848,
        21.979999999999997,
        21.537037037037035,
        21.033333333333335,
        20.979344729344728,
        20.87865497076023,
        20.84553203997649,
        20.726462807345154,
        20.619604700854694,
        20.51988017429194,
        20.499972524453238,
        20.435526895943568,
        20.351333034195232,
        20.3357373290386,
        20.31871422895162,
        20.28872329654362,
        20.280095766522116,
        20.148092329657292,
        20.14809232965729,
        20.137373789781854,
        20.13219173828062,
        20.115840849868185,
        20.044404174811476,
        19.995519340281948,
        19.968847722594493,
        19.942436929249435,
        19.93039984683982,
        19.905883857131624,
        19.904094257680697,
        19.899661912461927,
        19.896436386330592,
        19.81811440650349,
        19.741923941341394,
        19.681600136721862,
        19.632240434276188,
        19.63224043427619,
        19.63224043427619,
        19.60956772110293,
        19.607726207415634,
        19.57901989158643,
        19.52989517589529,
        19.520282052734494,
        19.520161400113654,
        19.520161400113654,
        19.518654850071737,
        19.507845994967024,
        19.474683298646127,
        19.470318404119933,
        19.372724527989796,
        19.366875716122316,
        19.354625509402062,
        19.33031432617885,
        19.323435018769626,
        19.313761036293982,
        19.303882599028825,
        19.295697892363837,
        19.288927786845097,
        19.281357471835204,
        19.27561768808335,
        19.180678311969018,
        19.17107538275981,
        19.162593360598354,
        19.15213372783074,
        19.114043690321473,
        19.074772251396386,
        19.052553776568825,
        19.030260715495476,
        19.028504362114454,
        19.021808602167738,
        19.015828264764984,
        18.999999999999996,
        18.999999999999996
    ],
    "initialCoverSeg": 8,
    "greedyCoverSize": 27,
    "runtime": 2579801473,
    "lpBound": 18.999999999999996
}