{
    "initialCoverSize": 146,
    "times": [
        2387994,
        6496142,
        10860960,
        15249460,
        19223274,
        23442083,
        28229457,
        33421720,
        37623453,
        41536636,
        45737602,
        49591788,
        53462148,
        57450401,
        61699677,
        66532566,
        70569664,
        74699654,
        79535904,
        84314197,
        89279175,
        93290821,
        97501238,
        101624999,
        105927712,
        110125330,
        114630591,
        119483476,
        124211648,
        128914237,
        133972915,
        139709036,
        144378936,
        148858662,
        153019079,
        157328777,
        161675348,
        165926846,
        170247458,
        174458168,
        178864917,
        183181880,
        187475450,
        191692370,
        195689757,
        199788959,
        204093121,
        208844460,
        213319884,
        218141641,
        222606168,
        227049059,
        231754585,
        236719774,
        242132353,
        246674772,
        251435166,
        256180393,
        260817050,
        265829292,
        270793341,
        276421297,
        281525237,
        286770277,
        292397008,
        298659759,
        303776372,
        308325861,
        312929399,
        317594215,
        322198883,
        327032684,
        331757357,
        336303805,
        340770668,
        345286772,
        349971333,
        354796838,
        359434263,
        364868040,
        369439168,
        375263398,
        379926518,
        384514176,
        389663231,
        395671341,
        401909322
    ],
    "finalCoverSize": 44,
    "values": [
        38,
        32,
        30,
        28,
        28,
        28,
        28,
        28,
        26.5,
        26.25,
        25.5,
        25,
        24,
        24,
        23.5,
        22.75,
        22.499999999999996,
        22.21875,
        22,
        21.5,
        21.25,
        21,
        20.75,
        20.75,
        20.750000000000004,
        20.000000000000004,
        20.000000000000004,
        19.925,
        19.875,
        19.814814814814817,
        19.638888888888886,
        19.58333333333333,
        19.2987012987013,
        19.07758620689655,
        19.07758620689655,
        18.5,
        18.25,
        17.919902912621357,
        17.716666666666665,
        17.657894736842106,
        17.25,
        16.9375,
        16.9375,
        16.72222222222222,
        16.722222222222225,
        16.722222222222225,
        16.483870967741936,
        16.1875,
        16.1875,
        16.0546875,
        15.96,
        15.849999999999996,
        15.680041152263373,
        15.61637931034483,
        15.61637931034483,
        15.60930735930736,
        15.558226495726498,
        15.549180327868852,
        15.493963254593178,
        15.4343853820598,
        15.395833333333334,
        15.28245614035088,
        15.266331658291458,
        15.253846153846151,
        15.253846153846151,
        15.23076923076923,
        15.224334600760454,
        15.223127035830618,
        15.166666666666666,
        15.141816920943132,
        15.12914485165794,
        15.12914485165794,
        15.12844036697248,
        15.128289473684214,
        15.120958083832335,
        15.059336823734732,
        15.046407185628745,
        15.044673539518897,
        15.036009445100355,
        15.014698093220339,
        15.00609470229723,
        15.005289809205172,
        15,
        15,
        15,
        15.000000000000002,
        14.999999999999998
    ],
    "initialCoverSeg": 5,
    "greedyCoverSize": 21,
    "runtime": 561356066,
    "lpBound": 14.999999999999998
}