{
    "initialCoverSize": 97,
    "times": [
        2748476,
        6615020,
        11648807,
        15928697,
        19694122,
        24439717,
        28706962,
        32807072,
        36674523,
        41688975,
        45903162,
        50510756,
        54360566,
        59554156,
        63451680,
        66928227,
        70506624,
        75465884,
        79392666,
        82716600,
        86585401,
        90642393,
        95473046,
        99270290,
        103075424,
        106965481,
        112792153,
        116466255,
        120187257,
        124128847,
        129143225,
        132664695,
        136262436,
        139967729,
        145000773,
        148871695,
        152265916,
        156117840,
        161409654,
        165403539,
        168967333,
        172840243,
        179772093,
        185112182,
        189520244,
        195479848,
        200579620,
        204964391,
        209616690,
        213237209,
        218400263,
        222981276,
        228984849,
        233886948
    ],
    "finalCoverSize": 35,
    "values": [
        35,
        33,
        30,
        29,
        28,
        28,
        27.5,
        27.5,
        27,
        26.25,
        25.625,
        24.9375,
        24.53125,
        23.734375,
        22.4453125,
        21.4453125,
        21.0390625,
        20.955357142857146,
        20.705357142857146,
        20.5953125,
        20.443359375,
        20.443359375,
        19.943359375,
        19.943359375,
        19.943359375,
        19.943359375,
        19.443359375,
        19.193359375,
        19.148754612546124,
        19.148754612546124,
        18.914473684210527,
        18.616197183098592,
        18.29401408450704,
        18.127347417840372,
        18.127347417840372,
        17.999999999999996,
        17.92512755102041,
        17.736979166666664,
        17.583333333333332,
        17.583333333333332,
        17.576599326599325,
        17.56140350877192,
        17.388888888888886,
        17.333333333333332,
        17.282828282828284,
        17.083333333333332,
        17.011904761904763,
        16.958333333333332,
        16.777777777777775,
        16.666666666666668,
        16.5,
        16.5,
        16.333333333333332,
        16.333333333333336
    ],
    "initialCoverSeg": 5,
    "greedyCoverSize": 21,
    "runtime": 344518365,
    "lpBound": 16.333333333333336
}