{
    "initialCoverSize": 46,
    "times": [
        2146548,
        3046962,
        3840022,
        4658918,
        5674275,
        6571087,
        7380574,
        8380522,
        9266133,
        10201613,
        11156724,
        12997472,
        14432375,
        15525891,
        16602816,
        17487996,
        18335488,
        19251662,
        20179214,
        21092598,
        22031528,
        23039936,
        23938139,
        24873821,
        25874073
    ],
    "finalCoverSize": 15,
    "values": [
        15,
        13,
        13,
        12,
        11,
        10.5,
        9.75,
        9.125,
        8.4375,
        7.78125,
        7.109375,
        6.359375,
        6.333333333333333,
        6.333333333333333,
        6.166666666666666,
        6.166666666666666,
        6.166666666666666,
        6.166666666666667,
        6.100000000000001,
        6,
        6,
        6,
        6,
        6,
        6
    ],
    "initialCoverSeg": 5,
    "greedyCoverSize": 10,
    "runtime": 37844001,
    "lpBound": 6
}