{
    "initialCoverSize": 66,
    "times": [
        1449905,
        3761286,
        6060314,
        8419849,
        10791673,
        13176207,
        15542125,
        17839538,
        20194310,
        22579536,
        24910626,
        27219412,
        29518541,
        31856094,
        34193031,
        36506105,
        38812752,
        41217127,
        43553714,
        46062499,
        48512418,
        50896187,
        53249303,
        55704236,
        58029672,
        60371998,
        62701092,
        65171508,
        67578043,
        70251013,
        73696577,
        76314451,
        79517837
    ],
    "finalCoverSize": 30,
    "values": [
        30,
        29,
        28.5,
        27.75,
        26.75,
        26.125,
        25.4375,
        24.78125,
        24.109375,
        23.4453125,
        22.77734375,
        22.111328125,
        21.4443359375,
        20.77783203125,
        20.111083984375,
        19.4444580078125,
        18.77777099609375,
        18.111114501953125,
        17.444442749023438,
        16.77777862548828,
        16.11111068725586,
        15.44444465637207,
        14.44444465637207,
        13.777777671813965,
        13.027777671813965,
        13.027777671813965,
        13.027777671813965,
        12.94444465637207,
        12.61111068725586,
        12.333333333333334,
        12.277778625488281,
        12.166666666666668,
        12.000000000000002
    ],
    "initialCoverSeg": 5,
    "greedyCoverSize": 18,
    "runtime": 119013752,
    "lpBound": 12.000000000000002
}