{
    "initialCoverSize": 45,
    "times": [
        1996146,
        3489902,
        4941444,
        5966316,
        7165595,
        8357661,
        9362836,
        10888128,
        12597462,
        14185191,
        15784262,
        17121786,
        20952192,
        24161139,
        25900152,
        33467753,
        38897081,
        40446438,
        44241202,
        47986483,
        49780097,
        51391818,
        53017070,
        55725839,
        56814493
    ],
    "finalCoverSize": 14,
    "values": [
        16,
        14.5,
        13,
        13,
        12,
        9,
        8.833333333333332,
        8.777777777777777,
        8.481481481481481,
        7.777777777777777,
        7.6,
        7.5,
        7.1000000000000005,
        6.966666666666667,
        6.5,
        6.5,
        6.433333333333332,
        6.433333333333332,
        6.433333333333333,
        6.3999999999999995,
        6.362433862433863,
        6.357142857142858,
        6.3,
        6.266666666666667,
        6.2
    ],
    "initialCoverSeg": 7,
    "greedyCoverSize": 10,
    "runtime": 108247647,
    "lpBound": 6.2
}