{
    "initialCoverSize": 176,
    "times": [
        4316869,
        24456627,
        38197015,
        51602700,
        66578410,
        80045771,
        93288623,
        115489946,
        136179559,
        154722200,
        178123174,
        195111513,
        210031036,
        223769998,
        237273067,
        250833288,
        264511628,
        278757275,
        303291061,
        321197681,
        347249451,
        370104633,
        385947537,
        399614904,
        413217377,
        427489338,
        442146722,
        461859544,
        475540665,
        488908584,
        502328991,
        516181866,
        530120839,
        549506232,
        565140572,
        578700490,
        594891577,
        617301284,
        640569110,
        663229890,
        677115260,
        690986230,
        706169944,
        722110969,
        737637595,
        751334883,
        772905858,
        796180224,
        816210649,
        835193808,
        849297612,
        863463824,
        886159837,
        900509854,
        917247895,
        934994863,
        950620565,
        969175940,
        993373665,
        1016668648,
        1034822617,
        1051060900,
        1065220295,
        1081350056,
        1100070878,
        1114407794,
        1128247467,
        1151072343,
        1165737187,
        1179919883,
        1194151614,
        1208408806,
        1222710680,
        1243719978,
        1261569712,
        1275621073,
        1289479251,
        1306363153,
        1324681777,
        1339143381,
        1355195057,
        1379021964,
        1396713975,
        1410575935,
        1425928630,
        1445955058,
        1461185604,
        1476396917,
        1500525974,
        1515102602,
        1529251850,
        1543391016,
        1558324839,
        1573665491,
        1588795555,
        1607864602,
        1633680581,
        1659058670,
        1682769120,
        1707347603,
        1732372221
    ],
    "finalCoverSize": 46,
    "values": [
        40,
        37,
        34,
        33,
        31,
        31,
        30.5,
        29.5,
        27.5,
        27.5,
        25.5,
        25.5,
        25.5,
        24,
        22.5,
        22.500000000000004,
        22,
        21.75,
        21.666666666666668,
        21.083333333333336,
        21.083333333333336,
        20.083333333333336,
        20.083333333333336,
        20.083333333333336,
        19.75,
        19.75,
        19.712500000000002,
        19.712500000000002,
        19.712500000000002,
        19.697222222222223,
        19.656249999999996,
        19.125,
        18.8125,
        18.416666666666664,
        18.333333333333332,
        18,
        17.856060606060602,
        17.856060606060602,
        17.856060606060606,
        17.729166666666664,
        17.710144927536234,
        17.664204667094836,
        17.579597438243365,
        17.499130434782614,
        17.439195257768997,
        17.357575757575756,
        17.31104033970276,
        17.163987138263664,
        17.100628930817617,
        16.921296296296294,
        16.921296296296298,
        16.911572880327622,
        16.823717948717952,
        16.73155555555556,
        16.725948717948718,
        16.680114638447975,
        16.64176200127152,
        16.60220613581523,
        16.515959607683826,
        16.507065391931622,
        16.411359099981855,
        16.275193510893494,
        16.230099502487565,
        16.180333883691066,
        16.177688983119957,
        16.054940611574427,
        16.016796874999997,
        15.648423341790505,
        15.627207207207208,
        15.607803468208097,
        15.548320895522389,
        15.53293066105366,
        15.448052906927684,
        15.32265446224256,
        15.315552104466851,
        15.296963182030478,
        15.295165088513796,
        15.273962215272022,
        15.270183962006664,
        15.249999999999998,
        15.250000000000002,
        15.213914430898093,
        15.213914430898093,
        15.184105466278819,
        15.184105466278815,
        15.130257695744087,
        15.100227786320906,
        15.085914521224447,
        15.08062016574586,
        15.080620165745861,
        15.08062016574586,
        15.08062016574586,
        15.066666666666668,
        15.057226562499997,
        15.02751596229857,
        15.02080456609541,
        15.009969623637716,
        15.00882535736482,
        15.002441511053872,
        15.000000000000002,
        15.000000000000002
    ],
    "initialCoverSeg": 6,
    "greedyCoverSize": 21,
    "runtime": 2188274711,
    "lpBound": 15.000000000000002
}