{
    "initialCoverSize": 157,
    "times": [
        3100463,
        4609061,
        6678905,
        8646616,
        10428008,
        11826816,
        13110502,
        14559472,
        15988353,
        17535911,
        19869391,
        21297041,
        24118470,
        26277431,
        28104073,
        29724687,
        31359295,
        33073118,
        35009145,
        36434343,
        37967641,
        40558600,
        42939657,
        45017482,
        46683592,
        48312219,
        50124766,
        51766937,
        53350541,
        54831933,
        57966808,
        60500646,
        62312423,
        63996479,
        65710648,
        67460600,
        69356513,
        71299189,
        74679791,
        77562243,
        79383383,
        81064701,
        82925341,
        84935165,
        86663986,
        88845335,
        92268482,
        94793479,
        96230375,
        97667338,
        99141922,
        100642139,
        102414298,
        104860851,
        110253188,
        112277066,
        113979551,
        116085972,
        118345230,
        120270465,
        122501407,
        125342014,
        128769364,
        131857076,
        133822221,
        135765867,
        137894440,
        139787615,
        142085554,
        145814547,
        148534446,
        150291376,
        152345725,
        154611110,
        157053047,
        159638906,
        162956799,
        165257281,
        167033376,
        168969405,
        170852725,
        172909474,
        176254739
    ],
    "finalCoverSize": 64,
    "values": [
        66,
        63,
        61.5,
        57.5,
        55.5,
        52.5,
        50.5,
        49.5,
        49.5,
        47.5,
        45.5,
        44,
        42,
        42,
        40.5,
        39.5,
        39.5,
        37.5,
        37,
        36.66666666666666,
        35.166666666666664,
        34.5,
        34.5,
        33.699999999999996,
        33.25,
        32.77777777777777,
        32.5625,
        31.75,
        31.5,
        31.5,
        31.272727272727273,
        31,
        30.25,
        29.5,
        29.5,
        29.25,
        29.119999999999997,
        28.375,
        28.242537313432834,
        28.1875,
        28.018518518518526,
        27.97297297297297,
        27.92857142857143,
        27.916666666666668,
        27.70192307692308,
        27.68681318681318,
        27.629629629629626,
        27.46577946768061,
        27.46577946768061,
        26.46577946768061,
        26.46577946768061,
        25.465779467680616,
        25.465779467680616,
        24.465779467680616,
        24.465779467680616,
        24.465779467680616,
        24.465779467680616,
        24.402838427947597,
        24.23527349228611,
        24.14391951006124,
        24.06281833616299,
        24.03725299643667,
        24.009703047668665,
        23.96771070615034,
        23.9440867003367,
        23.93896618553123,
        23.93022950975952,
        23.90555555555556,
        23.877176616915428,
        23.837796743182267,
        23.8313128591954,
        23.829797221179124,
        23.781607234216985,
        23.74297127054847,
        23.717891523831884,
        23.713419611451634,
        23.706844581679164,
        23.684404636459433,
        23.68440463645943,
        23.68386675375571,
        23.68140996856758,
        23.668847874720356,
        23.66666666666667
    ],
    "initialCoverSeg": 9,
    "greedyCoverSize": 32,
    "runtime": 237167997,
    "lpBound": 23.66666666666667
}