{
    "initialCoverSize": 85,
    "times": [
        1616359,
        3102411,
        4695227,
        7053915,
        9397414,
        11704893,
        14078163,
        15902892,
        17438965,
        18862270,
        20305762,
        21790220,
        24194269,
        26577688,
        29014821,
        31208069,
        33315021,
        35419118,
        37653425,
        39698002,
        41175180,
        42582078,
        43916248,
        45308556,
        46756588,
        48199659,
        49685417,
        51134685,
        52618257,
        54224576,
        55806591,
        58406304,
        61283557,
        64783900,
        69919400,
        73180646,
        74689313,
        77152283,
        79616641,
        81383732,
        83470857,
        85806252,
        87970182,
        89922963,
        91251924
    ],
    "finalCoverSize": 24,
    "values": [
        29,
        26,
        24,
        21,
        20,
        20,
        19,
        19,
        18,
        17.25,
        16.5,
        16.25,
        16,
        15.75,
        15.6875,
        15.25,
        14.75,
        14.5,
        14.46875,
        14.25,
        14.25,
        13.961538461538463,
        12.961538461538463,
        12.961538461538463,
        12.5,
        12.5,
        12.46875,
        12.446428571428568,
        12.375,
        12.0625,
        12,
        11.890000000000002,
        11.75,
        11.75,
        11.648648648648647,
        11.648648648648647,
        11.648648648648647,
        11.625,
        11.583333333333334,
        11.583333333333336,
        11.583333333333336,
        11.5,
        11.5,
        11.5,
        11.5
    ],
    "initialCoverSeg": 5,
    "greedyCoverSize": 15,
    "runtime": 113633202,
    "lpBound": 11.5
}