{
    "initialCoverSize": 194,
    "times": [
        3074591,
        8453568,
        13341902,
        18267255,
        24696848,
        30584428,
        35603043,
        40551054,
        45527039,
        50424362,
        55194056,
        60203133,
        65368844,
        70246674,
        75188563,
        80001455,
        85159552,
        89925516,
        94834944,
        99721788,
        104540769,
        110067929,
        115336219,
        120242290,
        126623607,
        132921258,
        137894291,
        142918284,
        147812291,
        152747271,
        157739306,
        162671374,
        167609859,
        172517106,
        177482421,
        182806535,
        187776864,
        192792093,
        197560612,
        202507360,
        207520075,
        212704610,
        218448355,
        223964328,
        229532846,
        236272273,
        241310398,
        246515091,
        251463247,
        256241723,
        261177493,
        266356580,
        271084690,
        275898000,
        280958999,
        285813652,
        290914583,
        295938625,
        300828743,
        305634969,
        310634421,
        316334942,
        322020643,
        327071988,
        332986899,
        340375844,
        345758678,
        350753288,
        355741579,
        361149535,
        366158549,
        371524952,
        377303699,
        383177788,
        391176524,
        396895516,
        401685525,
        406695333,
        412009712,
        417116219,
        422254973,
        427610727,
        432809099,
        438270287,
        443900347,
        449697484,
        454906868,
        460645398,
        465897273,
        471027595,
        476654628,
        481502528,
        487491795,
        494948489,
        500193333,
        505059398,
        510395327,
        515690923,
        520746518,
        526480807,
        532748795,
        539286291,
        545181933,
        550918378,
        555891373,
        560952302,
        565911201,
        571556390,
        576969209,
        582299606,
        588528975,
        594995014,
        601487955,
        608259946,
        614695856,
        619813812
    ],
    "finalCoverSize": 56,
    "values": [
        62,
        59,
        56,
        54.5,
        54.5,
        53.5,
        51.5,
        51,
        50,
        49.7,
        48.9,
        48.83333333333334,
        48.83333333333334,
        48.08333333333334,
        48.08333333333334,
        47.08333333333334,
        47.08333333333334,
        46.08333333333334,
        46.08333333333334,
        46.08333333333334,
        45.08333333333334,
        45.08333333333334,
        44.08333333333334,
        44.08333333333334,
        44.08333333333334,
        44.08333333333334,
        43.08333333333334,
        43.08333333333334,
        43.08333333333334,
        43.08333333333334,
        43.08333333333334,
        42.333333333333336,
        42.333333333333336,
        41.83333333333333,
        41.5,
        41.5,
        41.375,
        41,
        41,
        41,
        40.5,
        40.5,
        39.5,
        39.5,
        39.5,
        39.5,
        38.5,
        38.33333333333333,
        38.33333333333333,
        37.333333333333336,
        37.333333333333336,
        37.25,
        37.25,
        37.25,
        37.25,
        37.25,
        36.5,
        36.25,
        35.5,
        35.5,
        35.25,
        35,
        34.5,
        34.5,
        34.25,
        34.125,
        34.125,
        33.625,
        33.5,
        33,
        33,
        33.00000000000001,
        32.75,
        32.5,
        32.5,
        32.5,
        31.5,
        31.14285714285714,
        30.948717948717942,
        30.948717948717942,
        30.948717948717942,
        30.37820512820512,
        30.378205128205128,
        30.045454545454547,
        30,
        30,
        29.952380952380942,
        29.75,
        29.75,
        29.75,
        29.74999999999999,
        29.74999999999999,
        29.562499999999996,
        29.357142857142854,
        29.357142857142858,
        29.357142857142858,
        29.357142857142858,
        29.357142857142858,
        29.357142857142858,
        29.250000000000004,
        29.250000000000004,
        29.250000000000004,
        29.25,
        29.24999999999999,
        29.24999999999999,
        29.24999999999999,
        29.24999999999999,
        29.25,
        29.222222222222218,
        29.222222222222218,
        29.222222222222218,
        29.2,
        29.177083333333332,
        29.166666666666668,
        29.166666666666668,
        29.16666666666667
    ],
    "initialCoverSeg": 5,
    "greedyCoverSize": 37,
    "runtime": 761490217,
    "lpBound": 29.16666666666667
}