{
    "initialCoverSize": 46,
    "times": [
        1505694,
        3468767,
        5417188,
        7438013,
        9642133,
        11517442,
        13386810,
        15358634,
        17320394,
        19250071,
        21150602,
        22993578,
        25015722,
        27047370,
        28978231,
        30950599,
        32959177,
        34915392
    ],
    "finalCoverSize": 20,
    "values": [
        24,
        22,
        20,
        18,
        17,
        16,
        15.5,
        14.75,
        14.125,
        13.125,
        12.4375,
        11.4375,
        10.9375,
        10.875,
        10.875,
        10.625,
        10.4375,
        10.333333333333334
    ],
    "initialCoverSeg": 5,
    "greedyCoverSize": 15,
    "runtime": 57647303,
    "lpBound": 10.333333333333334
}