{
    "initialCoverSize": 25,
    "times": [
        1475509,
        2091324,
        2638497,
        3226570,
        3768816,
        4310115,
        4885104,
        5453265,
        6161201,
        6709583
    ],
    "finalCoverSize": 9,
    "values": [
        12,
        11,
        10.5,
        8.5,
        7.75,
        7.125,
        6.125,
        5.78125,
        5.78125,
        5.666666666666666
    ],
    "initialCoverSeg": 5,
    "greedyCoverSize": 8,
    "runtime": 12503268,
    "lpBound": 5.666666666666666
}