{
    "initialCoverSize": 124,
    "times": [
        6903499,
        36992980,
        66224847,
        96606453,
        123151387,
        148837747,
        174347102,
        203983911,
        229844930,
        256253839,
        282383733,
        310976863,
        336607242,
        366528708,
        397060055,
        422331414,
        450158511,
        475280802,
        500895530,
        526725267,
        553648568,
        579089796,
        604489485,
        630149517,
        657044116,
        682432195,
        707744890,
        733540796,
        760490293,
        785986332,
        811534465,
        837239427,
        864060145,
        889598572,
        915034047,
        940771798,
        967603577,
        993767709,
        1024813306,
        1051249311,
        1079007014,
        1105036955,
        1132457158,
        1157960619,
        1183111303,
        1213223394,
        1244882992,
        1270414594
    ],
    "finalCoverSize": 36,
    "values": [
        45,
        41,
        41,
        39,
        38,
        36,
        34,
        34,
        34,
        34,
        33.5,
        33.5,
        33.5,
        33.5,
        33.5,
        32.5,
        32.5,
        32.5,
        32.5,
        32.5,
        32.5,
        31.5,
        31.166666666666664,
        30.166666666666664,
        30.166666666666664,
        30.166666666666664,
        29.666666666666664,
        29.666666666666664,
        29.666666666666664,
        29.5,
        29.16666666666666,
        29.16666666666666,
        29.16666666666666,
        29,
        29,
        29,
        29,
        29,
        28.83333333333333,
        28.75,
        28.75,
        28.25,
        28.25,
        28.25,
        28.25,
        28.25,
        28.25,
        28.25
    ],
    "initialCoverSeg": 5,
    "greedyCoverSize": 32,
    "runtime": 1793526516,
    "lpBound": 28.25
}