{
    "initialCoverSize": 111,
    "times": [
        2144565,
        3435576,
        4665060,
        5937246,
        7215047,
        8563294,
        9841822,
        11108457,
        12413360,
        13755888,
        15046158,
        16346704,
        17536956,
        18943979,
        20295319,
        21603937,
        22980484,
        24394557,
        25786967,
        27155755,
        28555292,
        29959744,
        31469901,
        33055414,
        34492279,
        35904636,
        37429754,
        38938534,
        40084542,
        41457561,
        42790691,
        44301812,
        45792735,
        47368497,
        48843415,
        50318770,
        51759842,
        53371059,
        54932282,
        56469972,
        57705550,
        59544148,
        61498527,
        63310791,
        65295712,
        67340543,
        69182551,
        71360556,
        73669555,
        76573910
    ],
    "finalCoverSize": 43,
    "values": [
        50,
        49.333333333333336,
        48.333333333333336,
        46,
        42.83333333333333,
        40.33333333333333,
        39,
        38.5,
        38.333333333333336,
        37.33333333333333,
        35.83333333333333,
        35.388888888888886,
        34.35,
        32.916666666666664,
        31.75,
        31.75,
        31.222222222222218,
        29.666666666666664,
        27.666666666666664,
        27.333333333333332,
        27.333333333333332,
        26.833333333333332,
        26.476190476190474,
        24.47619047619047,
        24,
        23.851851851851848,
        23.444444444444443,
        23.322033898305083,
        23.264705882352946,
        23.18483412322275,
        22.62348178137652,
        22.33333333333333,
        21.974358974358967,
        21.90909090909091,
        21.84210526315789,
        21.694647201946477,
        21.679999999999996,
        21.650793650793652,
        21.56617647058824,
        21.53516295025729,
        21.53516295025729,
        21.535162950257288,
        21.535162950257288,
        21.4,
        21.286307053941904,
        21.196078431372538,
        21.069164265129682,
        21.022222222222208,
        21.022222222222215,
        21.000000000000004
    ],
    "initialCoverSeg": 8,
    "greedyCoverSize": 26,
    "runtime": 128015538,
    "lpBound": 21.000000000000004
}