{
    "initialCoverSize": 166,
    "times": [
        3513446,
        22496396,
        41464917,
        60388613,
        82342952,
        102016101,
        120757523,
        139628719,
        158626156,
        177934049,
        198334289,
        217190541,
        236516031,
        258134841,
        278146449,
        297168247,
        316848421,
        336474607,
        356623980,
        376773368,
        396178410,
        416293631,
        436743225,
        456475772,
        476787357,
        496565646,
        515468087,
        534381451,
        553264376,
        572449215,
        592624522,
        611414406,
        630620169,
        651836497,
        673574491,
        692503638,
        711273349,
        730108411,
        749669866,
        769964902,
        788884842,
        807735985,
        826353631,
        847527491,
        868776939,
        887753700,
        913074499,
        931965433,
        948432799,
        964977536,
        983509892,
        999997394,
        1018962886,
        1035482723,
        1051891259,
        1068304695,
        1084655188,
        1101084338,
        1120465324,
        1137290574,
        1153340318,
        1169722619,
        1186334928,
        1203599580,
        1223759235,
        1240196597,
        1256664500,
        1273817168,
        1293590356,
        1310501615,
        1327276227,
        1347047281,
        1365181637,
        1381475878,
        1397865458,
        1414220182,
        1430917852,
        1449951059,
        1466574079,
        1483005675,
        1499200264,
        1515574617,
        1532694296,
        1551342338,
        1568116249,
        1585099133,
        1601985392
    ],
    "finalCoverSize": 69,
    "values": [
        69,
        66,
        64,
        61,
        59,
        58,
        57,
        56,
        55,
        54,
        53.5,
        52.5,
        52.25,
        52.166666666666664,
        51.25,
        50.708333333333336,
        49.84375,
        49.00000000000001,
        48.5625,
        48.34375,
        48.11139896373056,
        47.11139896373056,
        46.61139896373056,
        45.86139896373056,
        45.23639896373056,
        44.54889896373056,
        43.89264896373056,
        43.72077396373056,
        43.66529711787563,
        43.55577761627907,
        43.16553112887596,
        42.17750726744187,
        41.657371854182074,
        40.92750726744187,
        40.29961168810139,
        39.61500726744187,
        38.95875726744186,
        38.28688226744186,
        37.622819767441854,
        36.954851017441854,
        36.288835392441854,
        35.621843204941854,
        34.955339298691854,
        34.288591251816854,
        33.621965275254354,
        32.621965275254354,
        31.871965275254357,
        31.621965275254357,
        31.246965275254357,
        30.89311696317736,
        30.771183268229166,
        30.327936689983044,
        30.07499442513534,
        29.4981689453125,
        29.309586747743456,
        29.197485857553435,
        28.966530673475148,
        28.87499926870798,
        27.874999268707978,
        27.840151832217266,
        27.56730954644734,
        27.497594298110176,
        27.36023763020833,
        27.337364130434782,
        27.324604705436517,
        27.314570235245863,
        27.101697255156733,
        26.8085412289916,
        26.69166666666667,
        26.6745406824147,
        26.666666666666675,
        26.46111111111112,
        26.333333333333332,
        26.216295356177127,
        26.114864864864863,
        25.940922619047623,
        25.874999999999993,
        25.844618055555564,
        25.81423611111112,
        25.802083333333332,
        25.73461235080806,
        25.702773883088888,
        25.456717314543553,
        25.345775462962965,
        25.012373113307824,
        25.005598445028472,
        25.000000000000004
    ],
    "initialCoverSeg": 5,
    "greedyCoverSize": 36,
    "runtime": 2037969020,
    "lpBound": 25.000000000000004
}