{
    "initialCoverSize": 134,
    "times": [
        2558064,
        11809471,
        20038939,
        28088275,
        36242288,
        44227181,
        52575773,
        61837571,
        69794341,
        77925902,
        85811318,
        93949361,
        102399219,
        111129750,
        120760197,
        130509956,
        139074243,
        147997518,
        156140219,
        165295042,
        174037479,
        182192769,
        190450782,
        198886861,
        207569951,
        219356669,
        228553212,
        241559512,
        256373344,
        267291280,
        275526277,
        283725449,
        291845809,
        300335249,
        310301643,
        318606839,
        328719353,
        337165123,
        345581088,
        354177536,
        362597225,
        370836879,
        379406745,
        387793802,
        395722518,
        404587033,
        414039090,
        422288942,
        430449871,
        438810430,
        447247035,
        455697921,
        463940186,
        472087519,
        480205783,
        488548664,
        497062726,
        505776109,
        515885577,
        524375512,
        532740248,
        541060418,
        549353660,
        558618852,
        569022081,
        578257386,
        588894447,
        597189068,
        605183989,
        614683489,
        623713896,
        631953460,
        640212843,
        648529663,
        657008945,
        666639001,
        675975067,
        686235175,
        695113844,
        703482501,
        712069819
    ],
    "finalCoverSize": 32,
    "values": [
        28,
        24,
        22,
        21.5,
        19,
        19,
        18.5,
        18,
        18,
        18,
        18,
        16.75,
        15.75,
        15.75,
        15.5,
        15.5,
        15.5,
        14,
        13.625,
        13.625,
        13.5,
        13.416666666666664,
        13.270833333333332,
        12.985714285714284,
        12.899999999999999,
        12.80952380952381,
        12.74285714285714,
        12.673076923076918,
        12.448275862068966,
        12.299999999999995,
        12.299999999999995,
        12.299999999999997,
        12.299999999999999,
        11.799999999999997,
        11.769999999999998,
        11.769999999999998,
        11.497727272727273,
        11.497727272727273,
        11.426829268292684,
        11.318840579710146,
        11.214285714285712,
        11.214285714285714,
        11.107142857142858,
        11.107142857142858,
        11.107142857142858,
        11.091836734693878,
        11.091836734693878,
        11.084745762711867,
        11.07451923076923,
        11.060931899641576,
        11.029761904761905,
        11.028477546549832,
        11.027548209366392,
        11.027548209366392,
        11.027259684361553,
        11.02568567696996,
        11.011363636363637,
        11.011363636363637,
        11.006906077348068,
        10.997790404040407,
        10.996037695437996,
        10.990304709141272,
        10.910614525139668,
        10.904003639672426,
        10.880952380952378,
        10.870370370370368,
        10.862282878411909,
        10.860074626865671,
        10.86007462686567,
        10.84961439588689,
        10.848360655737704,
        10.846153846153845,
        10.846153846153847,
        10.846153846153845,
        10.846153846153845,
        10.8394495412844,
        10.837349397590364,
        10.836244541484715,
        10.833333333333329,
        10.83333333333333,
        10.83333333333333
    ],
    "initialCoverSeg": 5,
    "greedyCoverSize": 14,
    "runtime": 877597969,
    "lpBound": 10.83333333333333
}