{
    "initialCoverSize": 90,
    "times": [
        1785403,
        3931695,
        6046610,
        8198762,
        10251511,
        12323677,
        14466287,
        16543260,
        18734868,
        20883941,
        22947086,
        24975984,
        27179082,
        29388510,
        31783886,
        35239335,
        38023789,
        40657147,
        42899732,
        45038244,
        47573847,
        49970995,
        52721854,
        56390047,
        59433967,
        61796793,
        64310578,
        66514235,
        68825150,
        71219908,
        73631569,
        76028115,
        78439766,
        80740983,
        83215521,
        85405924,
        87449879,
        89748043,
        92178357,
        94380069,
        96860236,
        99266511
    ],
    "finalCoverSize": 27,
    "values": [
        27,
        25,
        24,
        22,
        22,
        22,
        21,
        21,
        21,
        20,
        19,
        19,
        19,
        19,
        19,
        19,
        18,
        18,
        18,
        18,
        18,
        18,
        18,
        18,
        17.75,
        17.5625,
        17.000000000000004,
        16.900000000000002,
        16.900000000000002,
        16.5,
        16.333333333333332,
        16,
        16,
        16,
        16,
        16,
        16,
        16,
        15.999999999999998,
        15.600000000000003,
        15.5,
        15.5
    ],
    "initialCoverSeg": 5,
    "greedyCoverSize": 18,
    "runtime": 137517957,
    "lpBound": 15.5
}