{
    "initialCoverSize": 64,
    "times": [
        1302500,
        2523617,
        3776971,
        4972239,
        6125649,
        7391040,
        8597522,
        9794250,
        10974523,
        12237849,
        13533495,
        14824495,
        16134315,
        17372690,
        18656980,
        20001782,
        21233871,
        22521540,
        23797545,
        25093871,
        26404907,
        27754334,
        29075178,
        30340811,
        31654908,
        32975212,
        34305667,
        35605445,
        36919678,
        38224911,
        39836693,
        41431217,
        43436592,
        44942166,
        46356552,
        48216886,
        50574862,
        52836986,
        55264416
    ],
    "finalCoverSize": 20,
    "values": [
        19,
        17,
        17,
        14,
        13.5,
        12,
        12,
        11.833333333333336,
        10.833333333333334,
        9.5,
        9.5,
        9.40909090909091,
        9.333333333333334,
        9.0625,
        9.0625,
        9.015625,
        8.931818181818183,
        8.9,
        8.870192307692308,
        8.857142857142858,
        8.841346153846155,
        8.763157894736842,
        8.761363636363638,
        8.730978260869563,
        8.665364583333332,
        8.659465020576132,
        8.567073170731707,
        8.545454545454545,
        8.375,
        8.375,
        8.34,
        8.34,
        8.316666666666666,
        8.314102564102564,
        8.292056074766355,
        8.275000000000002,
        8.275,
        8.262295081967212,
        8.25
    ],
    "initialCoverSeg": 6,
    "greedyCoverSize": 10,
    "runtime": 83430709,
    "lpBound": 8.25
}