{
    "initialCoverSize": 63,
    "times": [
        1562142,
        4746392,
        7844722,
        10980378,
        14904938,
        19848859,
        23873512,
        27504896,
        30988371,
        34170546,
        37289757,
        41026664,
        44399865,
        47463250,
        50409123,
        53334584,
        56359997,
        59367247,
        62314297,
        65266918,
        68372729,
        71445083,
        74383950,
        77320842,
        80370062,
        83308213,
        86335625,
        89382062,
        92434158,
        95310893,
        98508667
    ],
    "finalCoverSize": 33,
    "values": [
        31,
        29,
        29,
        28,
        27.5,
        27.294117647058822,
        25.125,
        24.580000000000005,
        24.580000000000005,
        24.294117647058822,
        23.580000000000005,
        22.960000000000008,
        22.270000000000007,
        21.615000000000006,
        20.942500000000003,
        20.27875,
        19.610625,
        18.944687499999997,
        18.27765625,
        17.611171875,
        16.9444140625,
        16.27779296875,
        15.611103515624999,
        14.944448242187498,
        14.277775878906247,
        13.611112060546876,
        12.94444396972656,
        12.308278985736244,
        12.308278985736248,
        12.01198262295278,
        12.000000000000002
    ],
    "initialCoverSeg": 5,
    "greedyCoverSize": 17,
    "runtime": 167146891,
    "lpBound": 12.000000000000002
}