{
    "initialCoverSize": 40,
    "times": [
        1253172,
        2060570,
        3365299,
        4406874,
        5276740,
        6085166,
        7136868,
        8047822,
        9183893,
        11132563,
        12279427,
        13307885,
        14421235,
        15407031,
        16504905,
        17371131,
        18169068,
        19080875,
        19974110,
        20808782,
        21721624
    ],
    "finalCoverSize": 15,
    "values": [
        16,
        15,
        14.5,
        12.5,
        11.75,
        11.125,
        10.78125,
        9.9375,
        9.28125,
        8.78125,
        7.78125,
        7.53125,
        7.53125,
        7.416666666666667,
        7.40625,
        7.333333333333333,
        7,
        6.875,
        6.6875,
        6.666666666666667,
        6.666666666666666
    ],
    "initialCoverSeg": 5,
    "greedyCoverSize": 9,
    "runtime": 30003275,
    "lpBound": 6.666666666666666
}