{
    "initialCoverSize": 46,
    "times": [
        1310512,
        2525998,
        3654942,
        4767011,
        5879135,
        7018806,
        8165148,
        9328049,
        10499038,
        11676451,
        12918723,
        14048401,
        15308209,
        16445818,
        17679830,
        18836443,
        20062498,
        21219937,
        22485995,
        24335416,
        25630034,
        26872759,
        28330501
    ],
    "finalCoverSize": 18,
    "values": [
        20,
        18,
        17,
        16.5,
        15.5,
        15.25,
        14.375,
        14.09375,
        12.9375,
        12.28125,
        11.78125,
        10.78125,
        10.28125,
        9.53125,
        8.90625,
        8.5625,
        8.5625,
        8.390625,
        8.333333333333334,
        8,
        8,
        7.666666666666668,
        7.666666666666666
    ],
    "initialCoverSeg": 5,
    "greedyCoverSize": 12,
    "runtime": 45016196,
    "lpBound": 7.666666666666666
}