{
    "initialCoverSize": 108,
    "times": [
        3300440,
        22773076,
        43965964,
        62939455,
        87089826,
        106793781,
        129966655,
        153867189,
        174247534,
        196603245,
        216001964,
        238348846,
        260034586,
        279215455,
        298740466,
        318404840,
        342811407,
        361974423,
        381760162,
        407021572,
        426480269,
        445790265,
        465096605,
        486171100,
        510446452,
        530357223,
        551803781,
        578864342,
        599252603,
        620982510,
        641286022,
        660505417,
        679643842,
        699214052,
        721508102,
        740849452,
        759867770,
        780571445,
        799686760,
        820286551,
        843760981,
        862356641,
        882436693,
        903777513,
        921921368,
        940955285,
        963153907,
        982077976,
        1000707882,
        1019587649,
        1041679178
    ],
    "finalCoverSize": 50,
    "values": [
        44,
        42.5,
        40.5,
        39.5,
        39,
        38.25,
        37.625,
        36.9375,
        36.28125,
        35.609375,
        34.778645833333336,
        34.44270833333333,
        33.9453125,
        33.9453125,
        33.610677083333336,
        32.61067708333333,
        32.11067708333333,
        31.360677083333332,
        30.735677083333332,
        30.048177083333332,
        29.391927083333332,
        28.720052083333332,
        28.055989583333332,
        27.388020833333332,
        26.722005208333332,
        26.055013020833332,
        25.388509114583332,
        24.721761067708332,
        24.055135091145832,
        23.055135091145836,
        22.555135091145836,
        21.805135091145836,
        21.180135091145836,
        20.1807861328125,
        19.9932861328125,
        19.539835611979175,
        19.539835611979175,
        18.6995361328125,
        18.595026189630676,
        18.59502618963068,
        17.846801757812496,
        17.8468017578125,
        17.8419189453125,
        17.75271693638393,
        17.7294189453125,
        17.3887939453125,
        17.3887939453125,
        17.354811543166033,
        17.345871698288686,
        17.333333333333336,
        17.333333333333336
    ],
    "initialCoverSeg": 5,
    "greedyCoverSize": 28,
    "runtime": 1443044483,
    "lpBound": 17.333333333333336
}