{
    "initialCoverSize": 24,
    "times": [
        1093081,
        1549525,
        1992412,
        2408058,
        2877294,
        3294819,
        3746231,
        4232888
    ],
    "finalCoverSize": 10,
    "values": [
        13,
        11,
        10,
        9,
        8.5,
        7.999999999999999,
        7.999999999999999,
        7.999999999999999
    ],
    "initialCoverSeg": 5,
    "greedyCoverSize": 9,
    "runtime": 7618231,
    "lpBound": 7.999999999999999
}