{
    "initialCoverSize": 112,
    "times": [
        2855462,
        21180487,
        39899896,
        59517254,
        78360892,
        96553248,
        114903117,
        135606077,
        154209208,
        172719904,
        191368987,
        209792235,
        229616646,
        248685862,
        267250970,
        285837058,
        304189167,
        322700607,
        343202703,
        361842035,
        380580221,
        399195025,
        417945891,
        437438296,
        456871564,
        475605162,
        494676478,
        517869619,
        536604325,
        555308096,
        575019567,
        595914502,
        615683015,
        635209759,
        653883000,
        675433241,
        694120357,
        714206762,
        734640778,
        757184716,
        776549571,
        796330846,
        816647417,
        835705070,
        854136958,
        872959565,
        891915895,
        912936413,
        932090685,
        951335581,
        973074728,
        991834900,
        1011478613,
        1035667473,
        1055083328,
        1073579728,
        1093077161,
        1112507181,
        1133096614,
        1151942085,
        1170449122,
        1189282656,
        1208329626
    ],
    "finalCoverSize": 25,
    "values": [
        30,
        27,
        26.5,
        24.5,
        23.5,
        23,
        22,
        21,
        21,
        21,
        21,
        20,
        20,
        19.666666666666668,
        18.666666666666668,
        18.666666666666668,
        18.333333333333332,
        18.285714285714285,
        17.857142857142858,
        17.857142857142854,
        17.5,
        17.5,
        17.375,
        17.375,
        17.375000000000004,
        17.166666666666664,
        17.125,
        17.03125,
        16.96428571428571,
        16.92307692307692,
        16.8875,
        16.535714285714285,
        16.0682302771855,
        15.31818181818182,
        15.18181818181818,
        15.115217391304343,
        15.115217391304347,
        14.93235294117647,
        14.864326375711578,
        14.576923076923078,
        14.5,
        14.23529411764706,
        14.134920634920633,
        14.134920634920633,
        14.134920634920634,
        14.134920634920633,
        14.134920634920633,
        14.134920634920633,
        14.134920634920634,
        14.134920634920633,
        14.092592592592593,
        14.092592592592593,
        14,
        14,
        14,
        14,
        14,
        14,
        14,
        14,
        14,
        14,
        14
    ],
    "initialCoverSeg": 5,
    "greedyCoverSize": 16,
    "runtime": 1491168410,
    "lpBound": 14
}