{
    "initialCoverSize": 70,
    "times": [
        2631582,
        8207390,
        14121726,
        21206803,
        27070675,
        32241208,
        37644271,
        43038293,
        48117683,
        53407727,
        58735932,
        64027974,
        69596477,
        75050453,
        80396580,
        85811410,
        91233985,
        96673152,
        102143132,
        107585369,
        113064676,
        118415088,
        124062240,
        131734527,
        137832888,
        145818693,
        151395482,
        156985697,
        162431357,
        167859977,
        173545964,
        179293117
    ],
    "finalCoverSize": 33,
    "values": [
        34,
        31,
        29,
        28,
        27,
        26.5,
        25.75,
        25.125,
        24.4375,
        23.78125,
        23.109375,
        23.109375,
        22,
        21.151785714285715,
        20.637499999999996,
        19.901785714285715,
        19.276785714285715,
        18.589285714285715,
        17.933035714285715,
        17.261160714285715,
        16.597098214285715,
        15.929129464285714,
        15.3263922813874,
        14.965169270833332,
        14.519335937500001,
        14.081380208333334,
        13.081380208333334,
        13.02232369355657,
        12.94248026739691,
        12.774762426900585,
        12.723930038443035,
        12.666666666666668
    ],
    "initialCoverSeg": 5,
    "greedyCoverSize": 17,
    "runtime": 308494763,
    "lpBound": 12.666666666666668
}