{
    "initialCoverSize": 32,
    "times": [
        1296912,
        1777769,
        2151503,
        2501916,
        2840840,
        3249080,
        3574744,
        3883247,
        4212056,
        4546615,
        4892105,
        5249184,
        5576803,
        5987476
    ],
    "finalCoverSize": 10,
    "values": [
        14,
        13,
        12,
        11.75,
        11.75,
        11,
        10,
        9,
        9,
        9,
        9,
        9,
        9,
        8.666666666666668
    ],
    "initialCoverSeg": 5,
    "greedyCoverSize": 10,
    "runtime": 9024352,
    "lpBound": 8.666666666666668
}