{
    "initialCoverSize": 20,
    "times": [
        1078108,
        1461145,
        1696307,
        1909541,
        2127883,
        2372945,
        2570355,
        2789952,
        2986952,
        3185559
    ],
    "finalCoverSize": 6,
    "values": [
        6,
        4,
        4,
        4,
        4,
        3.5,
        3.4000000000000004,
        3.4000000000000004,
        3.375,
        3.333333333333333
    ],
    "initialCoverSeg": 5,
    "greedyCoverSize": 4,
    "runtime": 4268244,
    "lpBound": 3.333333333333333
}