{
    "initialCoverSize": 156,
    "times": [
        3357743,
        11433049,
        25297366,
        35957827,
        43608878,
        51188882,
        58774861,
        68083608,
        80296457,
        92020660,
        99916329,
        107475872,
        115598343,
        124471656,
        132017993,
        139434376,
        146990863,
        154637572,
        163401068,
        176283302,
        190073484,
        203912648,
        217242049,
        230398051,
        243733378,
        256782643,
        270365764,
        284975181,
        298205141,
        312670026,
        327216692,
        341911716,
        355595182,
        369460796,
        383770646,
        398088370,
        412329682,
        426756075,
        441266159,
        455136481,
        469581972,
        483671690,
        497524952,
        511202856,
        525486028,
        539743864,
        554355163,
        568458023,
        582505207,
        596574781,
        610647955,
        624901670,
        641253469,
        656971810,
        671313870,
        685760913,
        700369364,
        714779489,
        729347583,
        745626959,
        761301808,
        775608707,
        790599893,
        805195370,
        819166499,
        833582874,
        849316106,
        864575615,
        880010154,
        894904079,
        909271737,
        923840245,
        938666103,
        953862229,
        972999472,
        987597487,
        1002472983,
        1016835862,
        1031722425,
        1046649903,
        1062658114,
        1077527050,
        1091806883,
        1106552836,
        1128562264,
        1143960698,
        1158914037,
        1173540830,
        1189215003,
        1204423033,
        1220730765,
        1236244016,
        1251853849,
        1266818335,
        1280572960,
        1294822923,
        1309393875,
        1320634164,
        1328359507,
        1336731132,
        1345038214,
        1353498143,
        1361565875,
        1369406627,
        1380884996,
        1394888633,
        1408724844,
        1424267606,
        1438293047,
        1452001510,
        1464911560
    ],
    "finalCoverSize": 25,
    "values": [
        29,
        24,
        20,
        18.5,
        17.5,
        16.333333333333332,
        14.666666666666668,
        12.666666666666668,
        12.166666666666668,
        12.166666666666668,
        12.166666666666668,
        11,
        10.666666666666666,
        10.25,
        10.11111111111111,
        10.102564102564102,
        10.083333333333332,
        9.833333333333334,
        9.819444444444445,
        9.634057971014494,
        9.362573099415204,
        8.844202898550723,
        8.70230607966457,
        8.69090909090909,
        8.577445652173914,
        8.576497395833332,
        8.570542635658915,
        8.570175438596493,
        8.555654761904758,
        8.488021902806297,
        8.426208651399492,
        8.310787934749154,
        8.277619353916522,
        8.148088910761155,
        8.131807164346354,
        8.115359859071429,
        8.087872775372775,
        8.075622294372295,
        7.907566339947407,
        7.869132624820105,
        7.82040125694948,
        7.7798139768727985,
        7.759676633693045,
        7.75362788071993,
        7.69491874256792,
        7.646751501224825,
        7.617437491903096,
        7.591150480999437,
        7.578942269196894,
        7.571127946127947,
        7.54001274864802,
        7.53584250605862,
        7.521556854043013,
        7.493227543920382,
        7.485475982249861,
        7.468678598307789,
        7.443593583271312,
        7.440945460853718,
        7.431823616321475,
        7.397178082620979,
        7.397178082620978,
        7.393972862101611,
        7.36734962406015,
        7.34303962985315,
        7.343039629853149,
        7.343039629853149,
        7.3383514711809745,
        7.338351471180975,
        7.3383514711809745,
        7.319666880204997,
        7.316535038234925,
        7.303546533374138,
        7.296570566514345,
        7.2956637042415835,
        7.295151782474454,
        7.287499882404432,
        7.286948320086498,
        7.285724097668189,
        7.280681364976293,
        7.279249260843505,
        7.279249260843502,
        7.2682802376716245,
        7.268280237671624,
        7.253404746383833,
        7.246569075937785,
        7.225072328993596,
        7.225072328993595,
        7.212485973681524,
        7.212485973681526,
        7.212485973681526,
        7.209039548022598,
        7.208598726114649,
        7.206714330121231,
        7.20033791938209,
        7.200337919382091,
        7.20033791938209,
        7.185567010309275,
        7.183837137569402,
        7.1838371375694,
        7.183837137569401,
        7.1821705426356575,
        7.1761280931586615,
        7.170437405731524,
        7.170437405731523,
        7.166666666666666,
        7.166666666666668,
        7.166666666666667,
        7.166666666666666,
        7.166666666666667,
        7.166666666666667,
        7.166666666666666
    ],
    "initialCoverSeg": 9,
    "greedyCoverSize": 10,
    "runtime": 2085202240,
    "lpBound": 7.166666666666666
}