{
    "initialCoverSize": 158,
    "times": [
        4601096,
        41756636,
        79166617,
        114270512,
        150428889,
        185325297,
        220320984,
        257429651,
        292336050,
        327076720,
        363861888,
        400284419,
        435744962,
        472080422,
        506754631,
        543552116,
        578624497,
        615569995,
        652559842,
        687580015,
        722734710,
        765949074,
        801604245,
        839782333,
        877472672,
        915033120,
        953807492,
        990214982,
        1030189044,
        1067902351,
        1103756109,
        1142412404,
        1178100715,
        1213827871,
        1252156666,
        1287977550,
        1328851447,
        1369520495,
        1409929852,
        1447102793,
        1482555587,
        1524976109,
        1560726922,
        1600919053,
        1636643015,
        1676043773,
        1715386236,
        1753042556,
        1792014865,
        1828104514,
        1867754843,
        1904131868,
        1940018400,
        1979932419,
        2016895428,
        2057254054,
        2093519917,
        2133256567,
        2171769273,
        2208946551,
        2247770614,
        2283809096,
        2319611664,
        2357243934,
        2393169806,
        2430913049,
        2468249749,
        2504194767,
        2543655779,
        2580357187,
        2618067315,
        2655803859,
        2692788581,
        2729469601,
        2766099806,
        2804431480,
        2840659033,
        2876992236,
        2914304498,
        2950348887,
        2986615970,
        3024740002,
        3061396393,
        3098091286,
        3135964651,
        3172596503,
        3210412347,
        3246223888
    ],
    "finalCoverSize": 48,
    "values": [
        50,
        46,
        45.5,
        44.5,
        44.5,
        40.5,
        40.5,
        39.5,
        38.833333333333336,
        37.50000000000001,
        37.00000000000001,
        35.50000000000001,
        35,
        35,
        34,
        32.75,
        32.5,
        32.25,
        31.45,
        30.75,
        30.15,
        29.65,
        29.65,
        28.65,
        28.566666666666666,
        28.285714285714285,
        28.075757575757578,
        26.927272727272722,
        26.927272727272722,
        26.86363636363636,
        26.777777777777775,
        26.586309523809526,
        26.38505747126437,
        26.38095238095238,
        26.11071428571428,
        25.98571428571428,
        25.92321428571428,
        25.768678160919546,
        25.555194805194798,
        25.203124999999996,
        24.203124999999996,
        24.148717948717945,
        24.07571732199787,
        24.075717321997875,
        23.075717321997878,
        23.075717321997875,
        22.946043165467625,
        22.8125,
        22.771212121212127,
        22.730285714285714,
        22.62149968886124,
        22.50982142857144,
        22.424733430901114,
        22.41312741312741,
        22.301138805328755,
        22.20658866995074,
        22.206250000000004,
        22.205805016181234,
        21.89480322906155,
        21.81196581196582,
        21.800925925925927,
        21.773287143956896,
        21.751757028112454,
        21.601210038840755,
        21.601210038840755,
        21.601210038840755,
        21.54447791164658,
        21.378562251810322,
        21.378562251810322,
        21.23318952692651,
        21.146242471851274,
        21.134615384615387,
        21.098985890652553,
        20.961724806201556,
        20.961654951711527,
        20.900694402004522,
        20.88275847613268,
        20.882758476132675,
        20.882758476132686,
        20.879587543668542,
        20.874953155865526,
        20.839364162312254,
        20.772576267293378,
        20.758335711089796,
        20.75,
        20.75,
        20.75,
        20.75
    ],
    "initialCoverSeg": 6,
    "greedyCoverSize": 29,
    "runtime": 4040857680,
    "lpBound": 20.75
}