{
    "initialCoverSize": 56,
    "times": [
        1306636,
        2059256,
        2775619,
        3479834,
        4164255,
        4941144,
        5575662,
        6316549,
        7025161,
        7720836,
        8424029,
        9101564,
        9776515,
        10481453,
        11176969,
        11832441,
        12530828,
        13224737,
        13907988,
        14684854,
        15407420,
        16273244,
        17062253,
        17801446,
        18592919,
        19460768,
        20235115
    ],
    "finalCoverSize": 26,
    "values": [
        26,
        24.5,
        24.5,
        23.75,
        21.75,
        21,
        21,
        19.875,
        19.75,
        18.625,
        18.625,
        18.375,
        18.375,
        18.375,
        18.142857142857146,
        18,
        17.958333333333336,
        17.833333333333332,
        17.833333333333332,
        17.666666666666668,
        17.666666666666668,
        17.666666666666668,
        17.666666666666664,
        17.642857142857142,
        17.599999999999998,
        17.599999999999998,
        17.599999999999998
    ],
    "initialCoverSeg": 6,
    "greedyCoverSize": 20,
    "runtime": 28914208,
    "lpBound": 17.599999999999998
}