{
    "initialCoverSize": 60,
    "times": [
        6701215,
        11481160,
        15608039,
        22880237,
        27445862,
        31460710,
        37705636,
        42559999,
        46920758,
        51077688,
        57923382,
        62071009,
        66420251,
        73603781
    ],
    "finalCoverSize": 33,
    "values": [
        37,
        34,
        32,
        31,
        31,
        30,
        29,
        28.5,
        28,
        28,
        28,
        28,
        27.666666666666668,
        27.500000000000004
    ],
    "initialCoverSeg": 7,
    "greedyCoverSize": 29,
    "runtime": 171617666,
    "lpBound": 27.500000000000004
}