{
    "initialCoverSize": 56,
    "times": [
        1469386,
        2388232,
        3303433,
        4204574,
        5209792,
        6263641,
        7848507,
        9014461,
        11166528,
        12128414,
        13072873,
        13983421,
        14898802,
        15840966,
        16795821,
        17724947,
        18645193,
        19600381,
        20647948,
        21603184,
        22561764,
        23513726,
        24530702,
        25503033,
        26459910
    ],
    "finalCoverSize": 14,
    "values": [
        19,
        18,
        17,
        16,
        15,
        14.5,
        14.333333333333334,
        14.142857142857142,
        14.142857142857142,
        13.214285714285714,
        13.142857142857142,
        13.142857142857142,
        12.214285714285714,
        12.214285714285714,
        12.142857142857142,
        12.142857142857142,
        11.5,
        10.666666666666668,
        10,
        10,
        10,
        10,
        10,
        10,
        10
    ],
    "initialCoverSeg": 5,
    "greedyCoverSize": 12,
    "runtime": 37806831,
    "lpBound": 10
}