{
    "initialCoverSize": 133,
    "times": [
        6078024,
        44276646,
        84155363,
        121175283,
        164488585,
        203317933,
        240305604,
        277141938,
        313470308,
        352610369,
        389203961,
        425343650,
        463557622,
        500094284,
        536503178,
        575845494,
        612105574,
        648654402,
        685895756,
        722217641,
        759901525,
        796565723,
        833887908,
        870770500,
        907113448,
        945937992,
        983219390,
        1021388469,
        1060238655,
        1106162333,
        1144462300,
        1182813349,
        1219642737,
        1258578245,
        1295119994,
        1336685869,
        1374296535,
        1410323735,
        1454479493,
        1491047254,
        1528229005,
        1569220829,
        1608697873,
        1647139109,
        1683548814,
        1722654753,
        1761413705,
        1799930016,
        1840629446,
        1877282469,
        1914023008,
        1954357564,
        1996004602,
        2036893590,
        2073236379,
        2111259034,
        2149320579,
        2185904980,
        2225183838,
        2261929477,
        2302160812,
        2341044921,
        2377382578,
        2417020225,
        2454536371,
        2495528271,
        2539358539,
        2582892375,
        2624259117,
        2662575991,
        2701155540,
        2737575615,
        2777726365
    ],
    "finalCoverSize": 31,
    "values": [
        44,
        42.5,
        41.5,
        41.5,
        40.16666666666667,
        37.16666666666667,
        35.166666666666664,
        34.166666666666664,
        33.166666666666664,
        33.166666666666664,
        31.666666666666664,
        31,
        31,
        30.75,
        29.5,
        28.333333333333332,
        28.166666666666664,
        26.166666666666664,
        24.166666666666664,
        22.16666666666666,
        21.833333333333332,
        20.833333333333336,
        20.555555555555557,
        20.42222222222222,
        20.133333333333333,
        20.03333333333333,
        19.166666666666664,
        19.111111111111107,
        19,
        18.388888888888886,
        18.296296296296294,
        17.958333333333332,
        17.864583333333332,
        17.864583333333332,
        17.864583333333332,
        17.864583333333332,
        17.599999999999998,
        17.599999999999998,
        17.488188976377955,
        17.229166666666664,
        17.229166666666664,
        17.11979166666667,
        16.977777777777774,
        16.894265232974913,
        16.888888888888886,
        16.76190476190476,
        16.733333333333334,
        16.6969696969697,
        16.696969696969695,
        16.61428571428571,
        16.58,
        16.5,
        16.499999999999996,
        16.499999999999996,
        16.499999999999996,
        16.33333333333333,
        16.166666666666664,
        16.166666666666664,
        16.16666666666666,
        16.16666666666666,
        16.16666666666666,
        16.16666666666666,
        16.166666666666664,
        16.166666666666664,
        16.1,
        16.1,
        16.1,
        16,
        16,
        16,
        16,
        16,
        16
    ],
    "initialCoverSeg": 8,
    "greedyCoverSize": 22,
    "runtime": 3800210711,
    "lpBound": 16
}