{
    "initialCoverSize": 68,
    "times": [
        1905097,
        5957813,
        8494594,
        12382599,
        16000375,
        18641452,
        22220408,
        25427666,
        29523078,
        32940327,
        35556428,
        39220016,
        42390337,
        46124250,
        49666034,
        52367028,
        56348591,
        59310078,
        63101500,
        66490072,
        69152467,
        73061957,
        77403440,
        83718199,
        87919921,
        91320492,
        94710478,
        99236673,
        102760747,
        105810683,
        108834947
    ],
    "finalCoverSize": 27,
    "values": [
        18,
        17.5,
        16.5,
        16.5,
        16,
        15,
        14.25,
        14.166666666666668,
        14.041666666666668,
        13.125,
        13,
        12.6875,
        12.25,
        12,
        12,
        12,
        11.916666666666668,
        11.549999999999999,
        11.549999999999999,
        11.05,
        10.875,
        10.875,
        10.875,
        10.75,
        10.75,
        10.75,
        10.666666666666668,
        10.666666666666668,
        10.666666666666666,
        10.666666666666666,
        10.666666666666666
    ],
    "initialCoverSeg": 5,
    "greedyCoverSize": 13,
    "runtime": 152941045,
    "lpBound": 10.666666666666666
}