{
    "initialCoverSize": 68,
    "times": [
        1717985,
        4422273,
        6967730,
        9619817,
        13428295,
        17441535,
        21225194,
        24023093,
        27019493,
        30576374,
        34318740,
        37118136,
        39796515,
        42409185,
        45054356,
        47676900,
        50336839,
        52993761,
        55599453,
        58195682,
        60815023,
        63752587,
        66763786,
        69479381,
        72666651,
        75899291,
        79962649,
        83703223,
        86714392,
        89579222,
        92237239
    ],
    "finalCoverSize": 27,
    "values": [
        18,
        17.5,
        16.5,
        16.5,
        16,
        15,
        14.25,
        14.166666666666668,
        14.041666666666668,
        13.125,
        13,
        12.6875,
        12.25,
        12,
        12,
        12,
        11.916666666666668,
        11.549999999999999,
        11.549999999999999,
        11.05,
        10.875,
        10.875,
        10.875,
        10.75,
        10.75,
        10.75,
        10.666666666666668,
        10.666666666666668,
        10.666666666666666,
        10.666666666666666,
        10.666666666666666
    ],
    "initialCoverSeg": 5,
    "greedyCoverSize": 13,
    "runtime": 127619567,
    "lpBound": 10.666666666666666
}