{
    "initialCoverSize": 78,
    "times": [
        1597282,
        4211842,
        6999449,
        9746429,
        12351029,
        14954324,
        17559225,
        20091448,
        22727750,
        25245194,
        27830982,
        30460673,
        33208527,
        35665483,
        38186795,
        40890350,
        43424716,
        46016116,
        48649986,
        51764291,
        54809922,
        57906918,
        62961642,
        66737413,
        70073284,
        74416341,
        80314809,
        84006478,
        87409349,
        90590147,
        94986671,
        98079445,
        100871951,
        103750892,
        106469062,
        109115926,
        111928062,
        114716995,
        117447788,
        120282964,
        123048279,
        125947231,
        128800832,
        131403080
    ],
    "finalCoverSize": 23,
    "values": [
        22,
        21,
        19,
        18,
        16,
        16,
        16,
        15,
        15,
        15,
        14,
        13.5,
        13,
        12,
        11.5,
        11.5,
        11.333333333333334,
        10.583333333333332,
        10.5,
        10.375,
        10.125000000000002,
        10.078125000000002,
        10.078125000000002,
        10.078125000000002,
        9.828125,
        9.635416666666666,
        9.60625,
        9.407738095238097,
        9.208333333333332,
        9.125,
        8.904285714285713,
        8.833333333333332,
        8.829201101928376,
        8.826499620349278,
        8.826499620349278,
        8.826499620349278,
        8.799999999999999,
        8.725229658792651,
        8.678936605316974,
        8.678936605316972,
        8.678936605316974,
        8.666666666666666,
        8.666666666666666,
        8.666666666666666
    ],
    "initialCoverSeg": 5,
    "greedyCoverSize": 13,
    "runtime": 165307844,
    "lpBound": 8.666666666666666
}