{
    "initialCoverSize": 109,
    "times": [
        2109532,
        7483566,
        12689127,
        17897279,
        24400756,
        30195539,
        36267283,
        42633885,
        47805630,
        52946843,
        58169393,
        63262897,
        68453429,
        73631614,
        78824334,
        83921369,
        89222139,
        94343453,
        99594578,
        105039513,
        110262465,
        115537192,
        120764666,
        126818908,
        132854674,
        140138109,
        145959699,
        151208873,
        156424180,
        161549175,
        166879773,
        172198696,
        177816041,
        183308222,
        188770425,
        194259345,
        199725441,
        205127434,
        210760886,
        215932759,
        221277723,
        228758491,
        235455611,
        242049501,
        249632558,
        255292507,
        261276897,
        266624704,
        272599121,
        278632289,
        284344558,
        289895703,
        295204402,
        300639772,
        306118854,
        311661740,
        316981168,
        322386795,
        327862599,
        333588306,
        339341589,
        346093593,
        352023382,
        357774738
    ],
    "finalCoverSize": 38,
    "values": [
        26,
        25.5,
        25.5,
        24.5,
        24.5,
        24.5,
        24,
        23.5,
        22.5,
        21.5,
        21,
        20.25,
        19,
        19,
        18.833333333333332,
        18.785714285714285,
        17.5,
        17.25,
        17.09375,
        16.666666666666664,
        16.666666666666664,
        16,
        16,
        16,
        15.5,
        15.291666666666664,
        15.125,
        15.083333333333334,
        15.083333333333334,
        15.083333333333334,
        14.866666666666664,
        14.666666666666664,
        14.45238095238095,
        14.210526315789474,
        14.027777777777779,
        14.015151515151516,
        13.765243902439021,
        13.722826086956523,
        13.533073929961088,
        13.53307392996109,
        12.840909090909092,
        12.596003475238922,
        12.543548580328258,
        12.517985611510792,
        12.517985611510792,
        12.374784110535407,
        12.176066024759285,
        12.176066024759287,
        12.172348484848484,
        12.172348484848486,
        12.166666666666666,
        12.166666666666668,
        12.144927536231883,
        12.0990990990991,
        12.059999999999997,
        12.060000000000002,
        12.058052434456929,
        12.058052434456929,
        12.058052434456929,
        12.039473684210527,
        12.039473684210526,
        12.028985507246377,
        12.011627906976743,
        12
    ],
    "initialCoverSeg": 5,
    "greedyCoverSize": 17,
    "runtime": 456844875,
    "lpBound": 12
}