{
    "initialCoverSize": 48,
    "times": [
        1457382,
        3355552,
        5230996,
        7102005,
        9060596,
        11095222,
        13087068,
        15124575,
        17315330,
        19373122,
        21364908,
        23339439,
        25345862,
        27264526,
        29191373,
        31148447,
        33142834,
        35235639,
        37307243,
        39278011,
        41274921,
        43312451,
        45420525,
        47365033,
        49321440
    ],
    "finalCoverSize": 16,
    "values": [
        16,
        14,
        14,
        12.2,
        12.1,
        11.1,
        10.2,
        9.7,
        8.916666666666668,
        7.333333333333333,
        7.333333333333333,
        7.28125,
        6.96875,
        6.96875,
        6.9375,
        6.833333333333333,
        6.75,
        6.389830508474576,
        6.371794871794872,
        6.346153846153847,
        6.319999999999999,
        6.153846153846154,
        6.041666666666666,
        6.018181818181818,
        6.000000000000001
    ],
    "initialCoverSeg": 5,
    "greedyCoverSize": 9,
    "runtime": 69279855,
    "lpBound": 6.000000000000001
}