{
    "initialCoverSize": 60,
    "times": [
        1691726,
        5904783,
        10224039,
        15155487,
        19380103,
        23589178,
        27731651,
        31961655,
        36305071,
        40702863,
        45205249,
        49760544,
        54102580,
        58233153,
        62402937,
        67303200,
        73121672,
        77789776,
        82561447,
        88564426,
        93385308,
        97888105,
        104212189,
        108998232,
        113295565,
        118157976,
        124705819,
        129238357,
        134244038,
        140801522,
        145327021,
        150141799
    ],
    "finalCoverSize": 14,
    "values": [
        17,
        15,
        13,
        12,
        11,
        11,
        11,
        10.5,
        10.5,
        10.5,
        9.5,
        9,
        9,
        8.5,
        8.5,
        8,
        8,
        7.5,
        7.5,
        7.5,
        7.5,
        7.5,
        7.5,
        7.333333333333333,
        7,
        7,
        7,
        7,
        7,
        7,
        7,
        6.999999999999999
    ],
    "initialCoverSeg": 4,
    "greedyCoverSize": 9,
    "runtime": 194105256,
    "lpBound": 6.999999999999999
}