{
    "initialCoverSize": 94,
    "times": [
        2756349,
        5019605,
        7313309,
        9583208,
        11760666,
        13908546,
        16152121,
        18379640,
        20576245,
        22898682,
        25236455,
        27614377,
        29770613,
        32252575,
        34863269,
        38648384,
        41349082,
        43599408,
        46391266,
        48755206,
        50968428,
        53235341,
        55513930,
        57835440,
        60027684,
        62291839,
        64379646,
        66616872,
        68857964,
        71084988,
        73338575,
        75546540,
        77682942,
        79817715,
        82013973
    ],
    "finalCoverSize": 30,
    "values": [
        46,
        42,
        42,
        41.833333333333336,
        39.833333333333336,
        39.333333333333336,
        36.833333333333336,
        34.83333333333333,
        34.33333333333333,
        31.833333333333332,
        30.833333333333332,
        28.833333333333332,
        28.5,
        27.5,
        27.083333333333332,
        26.583333333333332,
        26.583333333333332,
        26.583333333333332,
        26.333333333333332,
        26.333333333333332,
        26.208333333333332,
        26.083333333333332,
        25.833333333333332,
        25.75,
        25.625,
        25.166666666666664,
        25.166666666666664,
        25.166666666666664,
        25,
        24.8125,
        24.5,
        24.25,
        24.083333333333336,
        23.4,
        23.4
    ],
    "initialCoverSeg": 12,
    "greedyCoverSize": 30,
    "runtime": 179275328,
    "lpBound": 23.4
}