{
    "initialCoverSize": 156,
    "times": [
        3394391,
        12910242,
        23357947,
        34393321,
        43862785,
        53468661,
        62885373,
        72997033,
        82570293,
        92072501,
        101451904,
        110876418,
        121024530,
        131221945,
        142759001,
        154710334,
        164954755,
        174446932,
        184088022,
        193831375,
        203426987,
        213058375,
        223495453,
        233423433,
        244063569,
        253827753,
        263900324,
        273811733,
        284073344,
        294511651,
        304645735,
        314430137,
        324350941,
        333948566,
        343531893,
        353393450,
        363827358,
        373291152,
        384006640,
        396309499,
        406491186,
        416609423,
        426761466,
        437074884,
        448904681,
        460076390,
        469961855,
        480572943,
        491011330,
        502786898,
        512904196,
        523164272,
        533495197,
        543619830,
        554211863,
        564305180,
        574132566,
        585259665,
        596051669,
        607948723,
        618382388,
        628753837,
        639311332,
        649896372,
        661260771,
        671542911,
        681723543,
        691928917,
        702568033,
        713076128,
        723245041,
        733011897,
        742809141,
        752864030,
        762770741,
        772906571,
        782612545,
        793192211,
        804008642,
        815538575,
        825878010,
        835714575,
        845367088,
        854683026,
        864536734,
        874344130,
        884381918,
        895469017,
        905249452,
        917001867,
        926667663
    ],
    "finalCoverSize": 20,
    "values": [
        41,
        37.5,
        35.5,
        32,
        32,
        31,
        29,
        28,
        27,
        27,
        27,
        26.833333333333332,
        25.333333333333332,
        24.333333333333332,
        24.000000000000004,
        23.5,
        23.5,
        23.5,
        23.125,
        23.0625,
        22.541666666666668,
        22.083333333333336,
        21.25,
        20.5,
        20.5,
        20.5,
        20.333333333333336,
        20.310810810810807,
        20.166666666666664,
        20.136363636363633,
        20.07692307692308,
        19.91666666666667,
        19.86363636363636,
        19.86363636363636,
        19.36363636363636,
        19.00704225352113,
        18.949612403100776,
        18.949612403100776,
        18.69771863117871,
        18.58649789029536,
        18.37034949267193,
        18.32133152173913,
        18.153846153846153,
        18.08,
        18.016129032258068,
        18.008522727272723,
        17.936316695352843,
        17.933295161752078,
        17.866883116883116,
        17.83928571428572,
        17.774193548387096,
        17.74054054054054,
        17.670863309352512,
        17.655609060103448,
        17.583287820862914,
        17.572641509433964,
        17.547038327526135,
        17.53333333333334,
        17.53333333333334,
        17.52489019033675,
        17.47090663058187,
        17.446096654275088,
        17.427440633245375,
        17.40677966101695,
        17.39439655172414,
        17.384434884630426,
        17.379785604900455,
        17.32911392405063,
        17.32911392405063,
        17.310197409782475,
        17.291122715404697,
        17.291122715404697,
        17.27976190476191,
        17.230769230769226,
        17.220588235294116,
        17.200325732899024,
        17.17732558139535,
        17.171875,
        17.171874999999996,
        17.170588235294122,
        17.170588235294122,
        17.15625,
        17.14880952380953,
        17.148809523809533,
        17.142857142857142,
        17.092105263157897,
        17.092105263157897,
        17,
        17,
        17,
        17
    ],
    "initialCoverSeg": 7,
    "greedyCoverSize": 22,
    "runtime": 1268091834,
    "lpBound": 17
}