{
    "initialCoverSize": 147,
    "times": [
        4345239,
        10370805,
        17409207,
        23835724,
        30375304,
        37513981,
        43580498,
        50855688,
        57441541,
        63765924,
        70951101,
        77075600,
        84111012,
        90565021,
        96610674,
        103723799,
        109892983,
        117493671,
        124042563,
        131109890,
        137908316,
        144768019,
        151179564,
        158086688,
        164120168,
        170614463,
        178226643,
        185370506,
        193040736,
        199436309,
        206240186,
        212781361,
        219184434,
        227152043,
        234212071,
        241808218,
        248810402,
        255657429,
        262387868,
        268472915,
        275499625,
        281709484,
        288165003,
        295365036,
        301300961,
        308949953,
        315006373,
        321386963,
        328985090,
        336570885,
        343507308,
        352985680,
        359861656,
        366708606,
        373571496,
        381229505,
        387762965,
        395242853,
        402752244,
        409851871,
        416512117,
        423027336,
        430886914,
        437791461,
        445686309,
        453593626,
        460796381,
        468070500,
        474922897,
        482678184,
        489417600,
        496574214,
        504417940,
        511550949,
        519798623,
        526684901,
        535388810,
        542621852,
        550663577
    ],
    "finalCoverSize": 39,
    "values": [
        49,
        47,
        45,
        44,
        42,
        40.5,
        40.5,
        38.5,
        36,
        34,
        33.5,
        32.5,
        32,
        32,
        31,
        30,
        29.5,
        29,
        28,
        27.75,
        27.75,
        27.75,
        27.6875,
        27.375,
        26.625,
        26.625,
        26.4,
        26.375,
        26.375,
        26.25,
        26.25,
        25.5,
        25.5,
        25.125,
        25.125,
        25.125,
        25,
        24.5,
        24,
        24,
        23.9375,
        23.75,
        23.5,
        23.5,
        23.25,
        23.25,
        23.21428571428571,
        23.07142857142857,
        22.658227848101266,
        22.57272727272727,
        22.57272727272727,
        21.7578125,
        21.757812500000004,
        21.757812500000004,
        21.712890625,
        21.525000000000002,
        21.378472222222225,
        21.16666666666667,
        21.0625,
        20.866666666666664,
        20.833333333333332,
        20.825454545454544,
        20.7,
        20.583333333333332,
        20.583333333333332,
        20.583333333333332,
        20.55,
        20.55,
        20.55,
        20.55,
        20.477272727272727,
        20.41379310344828,
        20.409090909090914,
        20.38888888888888,
        20.38888888888888,
        20.28947368421052,
        20.28947368421052,
        20.25,
        20.25
    ],
    "initialCoverSeg": 5,
    "greedyCoverSize": 28,
    "runtime": 689611268,
    "lpBound": 20.25
}