{
    "initialCoverSize": 114,
    "times": [
        5119711,
        31645807,
        57671998,
        84620593,
        111726220,
        138817980,
        164773934,
        191360552,
        218342834,
        244444039,
        272179120,
        298418261,
        326012665,
        352351004,
        379918261,
        406101590,
        432695197,
        459375039,
        487015272,
        514591743,
        541145217,
        568355117,
        595408341,
        622428560,
        650269071,
        677144514,
        704556613,
        733750765,
        760439305,
        785722606,
        817200765,
        844166615,
        869378657,
        897108700,
        922065140,
        946902029,
        972264122,
        998072710,
        1022647005,
        1048730425,
        1073363792,
        1098110822,
        1124407142,
        1150717668,
        1175737397
    ],
    "finalCoverSize": 28,
    "values": [
        41,
        40.5,
        40,
        38,
        37,
        37,
        35,
        34.5,
        34,
        33.5,
        33.5,
        33.5,
        32.5,
        32,
        32,
        31,
        30.375,
        29,
        29,
        28.5,
        28,
        27.66666666666667,
        27.555555555555554,
        27.5,
        27.000000000000004,
        26.500000000000004,
        26.16666666666666,
        26.000000000000004,
        25.5,
        25.5,
        25.25,
        24.999999999999993,
        24.999999999999993,
        25,
        24.884615384615387,
        24.75,
        24.75,
        24.75,
        23.75,
        23.75,
        23.75,
        23.75,
        23.199999999999996,
        23,
        23
    ],
    "initialCoverSeg": 5,
    "greedyCoverSize": 28,
    "runtime": 1668810387,
    "lpBound": 23
}