{
    "initialCoverSize": 161,
    "times": [
        4350130,
        17721931,
        30896420,
        44162294,
        57287836,
        70956821,
        86548227,
        100430200,
        113760732,
        129085306,
        142536262,
        155707736,
        169618175,
        183590519,
        199259263,
        212515084,
        227653809,
        244361859,
        258341268,
        271804122,
        285437819,
        298816192,
        312451176,
        325892997,
        345100679,
        359928513,
        373244497,
        388334588,
        404365878,
        417900706,
        431244390,
        444846773,
        461547069,
        476885269,
        490383157,
        503663488,
        516993992,
        530324145,
        543689729,
        557922217,
        575560218,
        589077453,
        602280515,
        620162924,
        633699422,
        646642103,
        659507993,
        672962571,
        685972189,
        699198757,
        712112455,
        734985746,
        753490228,
        766756122,
        779985201,
        792955418,
        806020949,
        819147668,
        834101839,
        847779175,
        860747727,
        875114147,
        890850673,
        904321846,
        918121607,
        933509637,
        947538695,
        960610739,
        974051363,
        988450189,
        1001364384,
        1015192759,
        1028150975
    ],
    "finalCoverSize": 42,
    "values": [
        57,
        56,
        54,
        51,
        50,
        48,
        47,
        46,
        44.5,
        44,
        43.5,
        43,
        43,
        42,
        42,
        42,
        41,
        40.00000000000001,
        39.5,
        39.474999999999994,
        39.475,
        39.125,
        38.45833333333334,
        37.458333333333336,
        37.12500000000001,
        37.12500000000001,
        37.125,
        37.125,
        37.12500000000001,
        37.0138888888889,
        37.0138888888889,
        37.0138888888889,
        36.68055555555556,
        36.375,
        36,
        35,
        35,
        35,
        35,
        34.65,
        34.55,
        34.550000000000004,
        33.54999999999999,
        33.54999999999999,
        32.54999999999999,
        32.54999999999999,
        32.54999999999999,
        32.2,
        32.2,
        32.2,
        31.785714285714285,
        31.785714285714285,
        31.78571428571429,
        31.28571428571429,
        31.15,
        31.15,
        31.15,
        31.15,
        30.871428571428577,
        30.871428571428577,
        30.633333333333336,
        30.633333333333336,
        30.532258064516128,
        30.428571428571423,
        30.384615384615383,
        30.384615384615383,
        30.349999999999998,
        30,
        30,
        30,
        30,
        30,
        29.999999999999996
    ],
    "initialCoverSeg": 5,
    "greedyCoverSize": 34,
    "runtime": 1335016439,
    "lpBound": 29.999999999999996
}