{
    "initialCoverSize": 31,
    "times": [
        1079920,
        1425857,
        1744542,
        2112240,
        2513724,
        2861498,
        3193930,
        3530065,
        3841071,
        4185535,
        4509914,
        4841086,
        5190639,
        5518244,
        5874779,
        6253852
    ],
    "finalCoverSize": 11,
    "values": [
        15,
        14,
        14,
        13.666666666666666,
        12.666666666666666,
        12.666666666666668,
        12.5,
        11.5,
        11.5,
        11.5,
        11.5,
        11.5,
        11.5,
        11.333333333333332,
        11,
        11
    ],
    "initialCoverSeg": 4,
    "greedyCoverSize": 12,
    "runtime": 8565058,
    "lpBound": 11
}