{
    "initialCoverSize": 60,
    "times": [
        1601228,
        2437352,
        3148174,
        3746902,
        4629184,
        5244093,
        6857109,
        7660283,
        8489343,
        9263103,
        10007596,
        10844699,
        11384743,
        11962603,
        12484268,
        13006456,
        13589848,
        14047710,
        14543522,
        15269381,
        15936291,
        16537517,
        17022168,
        17622797,
        18188221,
        18878241,
        19484933,
        20001087,
        20621439
    ],
    "finalCoverSize": 16,
    "values": [
        26,
        24,
        23.5,
        22,
        21,
        20,
        18.666666666666668,
        16.666666666666668,
        16.666666666666668,
        15.5,
        15.5,
        15.25,
        14.571428571428573,
        14.25,
        14.25,
        14.25,
        13.75,
        13.75,
        13.75,
        13.458333333333332,
        12.75,
        12.166666666666666,
        12.166666666666666,
        12.166666666666666,
        12.130434782608694,
        12.1,
        12.045454545454545,
        12,
        12
    ],
    "initialCoverSeg": 8,
    "greedyCoverSize": 16,
    "runtime": 30897637,
    "lpBound": 12
}