{
    "initialCoverSize": 126,
    "times": [
        3168421,
        20025468,
        36907378,
        54089961,
        73540863,
        90835458,
        107946820,
        124867269,
        141702514,
        159540740,
        178490292,
        195510938,
        212658854,
        229771986,
        246887543,
        264470696,
        283834918,
        300909288,
        317719070,
        334713444,
        352638136,
        372643644,
        390416754,
        407934809,
        429818054,
        447160739,
        464329262,
        481471306,
        498547947,
        516762453,
        537161206,
        554670790,
        574456887,
        593593716,
        611717700,
        633110224,
        650628866,
        669640943,
        689849315,
        707136239,
        724226825,
        741294101,
        758218944,
        777236199,
        797006865,
        814562025,
        832046995,
        849456561,
        866764945,
        885215767,
        903041777,
        920337063,
        938315564,
        956121792,
        972912923,
        990958540,
        1009523871,
        1026720595,
        1044639781,
        1062201329,
        1079961307,
        1098029161,
        1115830653,
        1132952679,
        1150169145,
        1167344551,
        1186762722,
        1202113185,
        1217035237,
        1231921493,
        1246723186,
        1262391256
    ],
    "finalCoverSize": 32,
    "values": [
        29,
        29,
        27,
        26,
        25,
        25,
        25,
        25,
        24,
        24,
        23,
        22.5,
        21,
        21,
        20,
        20,
        20,
        20,
        20,
        19.92307692307692,
        19.846153846153843,
        19.846153846153843,
        19.749999999999993,
        19.75,
        19.75,
        19.5,
        19.28125,
        18.941176470588236,
        18.625000000000004,
        18.571428571428573,
        18.57142857142857,
        18.57142857142857,
        18.57142857142857,
        18.518518518518515,
        18.518518518518515,
        18.454545454545457,
        18.299999999999997,
        18.299999999999994,
        18.072916666666668,
        18.072072072072075,
        18.06390977443609,
        17.555555555555557,
        17.555555555555554,
        17.52941176470588,
        17.52941176470588,
        17.516129032258064,
        17.44444444444444,
        17.416666666666664,
        17.416666666666664,
        17.416666666666664,
        17.41666666666666,
        17.384615384615387,
        17.384615384615387,
        17.349999999999994,
        17.349999999999998,
        17.318181818181824,
        17.318181818181824,
        17.318181818181824,
        17.28571428571429,
        17.277777777777775,
        17.272727272727273,
        17.246666666666666,
        17.231707317073166,
        17.231707317073166,
        17.212121212121218,
        17.17054263565892,
        17.17054263565892,
        17.17054263565892,
        17.166666666666668,
        17.166666666666668,
        17.161290322580648,
        17.150000000000002
    ],
    "initialCoverSeg": 5,
    "greedyCoverSize": 22,
    "runtime": 1501935397,
    "lpBound": 17.150000000000002
}