{
    "initialCoverSize": 166,
    "times": [
        4377201,
        15099763,
        25666754,
        36302881,
        47502629,
        58292221,
        71643018,
        82534181,
        93047881,
        104283868,
        115835437,
        127410250,
        138077274,
        148664049,
        159390621,
        170034112,
        180808957,
        191559168,
        205735512,
        217153613,
        229164812,
        239905455,
        250818759,
        261587961,
        272194986,
        283053865,
        294488248,
        305636412,
        318458125,
        331786790,
        342898118,
        353457509,
        364031628,
        374981452,
        386636665,
        397028730,
        407831138,
        418651648,
        431280444,
        443140153,
        453636934,
        464270793,
        475114850,
        485985892,
        496675298,
        507565342,
        518869753,
        530192846,
        542298328,
        553153268,
        563824995,
        574442539,
        586100757,
        597069752,
        608868982,
        619627319,
        630314318,
        641381526,
        653544651,
        665045040,
        675633942,
        686443316,
        697064742,
        707855391,
        719057752,
        729886101,
        740464197,
        752290145,
        764115666,
        775297318,
        786861814,
        797758738,
        808824549,
        819649568,
        831987624,
        842791004
    ],
    "finalCoverSize": 35,
    "values": [
        63,
        62,
        61,
        59,
        58,
        55,
        55,
        54,
        54,
        52,
        52,
        50,
        49,
        49,
        49,
        48,
        48,
        47,
        47,
        46,
        46,
        46,
        44,
        44,
        44,
        43.57142857142858,
        42.5,
        41.5,
        41.2,
        41.2,
        41.2,
        40.2,
        39.2,
        39.2,
        38.5,
        38.400000000000006,
        38,
        38,
        38,
        37.5,
        37.5,
        37,
        36.833333333333336,
        36.7,
        36.70000000000001,
        36.699999999999996,
        35.7,
        35.699999999999996,
        34.83333333333333,
        33.7,
        33.7,
        33.7,
        33.7,
        33.1875,
        33.1875,
        33.166666666666664,
        33,
        33,
        33.00000000000001,
        33,
        33,
        32.5,
        32.5,
        32.33333333333334,
        32.33333333333333,
        32.25,
        32.23076923076923,
        32.22784810126581,
        32.227848101265806,
        32.166666666666664,
        32.11764705882353,
        32.11764705882353,
        32.11764705882352,
        32,
        32,
        32
    ],
    "initialCoverSeg": 5,
    "greedyCoverSize": 37,
    "runtime": 1144815891,
    "lpBound": 32
}