{
    "initialCoverSize": 51,
    "times": [
        2148037,
        46238529,
        87500745,
        131443075,
        174873525,
        221588024,
        261756689,
        302927478,
        344893198,
        385306953,
        427811559,
        468373267,
        509653560,
        553300215,
        594926189,
        638242668,
        678586163,
        722147060,
        762460218,
        803182002,
        845885154,
        890173898,
        930276623,
        975069478,
        1015901048,
        1060599306,
        1102434593,
        1146161152,
        1187748196,
        1228648709,
        1271970659,
        1313141368,
        1357139009
    ],
    "finalCoverSize": 10,
    "values": [
        10,
        9,
        9,
        9,
        9,
        9,
        9,
        8,
        8,
        8,
        8,
        7.5,
        7,
        7,
        7,
        7,
        7,
        7,
        7,
        6.5,
        6.5,
        6.5,
        6,
        6,
        6,
        6,
        5.666666666666667,
        5.666666666666667,
        5.666666666666667,
        5.666666666666666,
        5.5,
        5.5,
        5.5
    ],
    "initialCoverSeg": 4,
    "greedyCoverSize": 6,
    "runtime": 1575696366,
    "lpBound": 5.5
}