{
    "initialCoverSize": 49,
    "times": [
        1420945,
        2746935,
        4014065,
        5576859,
        6985174,
        8315324,
        9667729,
        11047909,
        12420478,
        13930111,
        15362785,
        16662519,
        17928952,
        19344930,
        20756973,
        22115516,
        23647725,
        24997472,
        26499037,
        27990428,
        29406958,
        30806155,
        32205360,
        33603749,
        34847836,
        36294116
    ],
    "finalCoverSize": 17,
    "values": [
        15,
        15,
        15,
        13.5,
        13.333333333333332,
        13,
        12,
        11.666666666666668,
        11.666666666666668,
        11.666666666666668,
        11.5,
        10.5,
        10.5,
        10.25,
        10,
        9.75,
        9.636363636363637,
        9.636363636363637,
        9.6,
        9.6,
        9.590909090909093,
        9.590909090909093,
        9.5,
        9.5,
        9.5,
        9.5
    ],
    "initialCoverSeg": 5,
    "greedyCoverSize": 11,
    "runtime": 49359324,
    "lpBound": 9.5
}