{
    "ECMP": 0.783625730994152,
    "E": 90,
    "V": 19,
    "G": 109,
    "nonSP": 0.022222222222222223,
    "delta": [
        0,
        0,
        0,
        0,
        0,
        0,
        0,
        0,
        0,
        0,
        0,
        0,
        0,
        0,
        0,
        0,
        0,
        0,
        0,
        0,
        0,
        0,
        0,
        0,
        0,
        0,
        0,
        0,
        0,
        0,
        0,
        0,
        0,
        0,
        0,
        0,
        0,
        0,
        -1,
        0,
        0,
        0,
        -1,
        -1,
        -1,
        0,
        0,
        -1,
        0,
        -1,
        0,
        -1,
        0,
        0,
        0,
        0,
        -1,
        0,
        0,
        0,
        -1,
        -1,
        -1,
        0,
        0,
        -1,
        0,
        -1,
        0,
        -1,
        0,
        0,
        0,
        0,
        0,
        0,
        0,
        0,
        0,
        0,
        0,
        0,
        0,
        0,
        0,
        0,
        0,
        0,
        0,
        0,
        0,
        0,
        0,
        0,
        0,
        0,
        0,
        0,
        0,
        0,
        0,
        0,
        0,
        0,
        0,
        0,
        0,
        0,
        0,
        0,
        0,
        0,
        0,
        0,
        0,
        0,
        0,
        0,
        0,
        0,
        0,
        0,
        0,
        0,
        0,
        0,
        0,
        0,
        -1,
        -1,
        0,
        0,
        0,
        -1,
        -1,
        0,
        0,
        -1,
        0,
        -1,
        0,
        -1,
        0,
        0,
        0,
        0,
        -1,
        -1,
        0,
        0,
        0,
        -1,
        0,
        0,
        0,
        -4,
        0,
        -1,
        0,
        -1,
        0,
        0,
        0,
        0,
        -1,
        -1,
        0,
        0,
        0,
        -1,
        0,
        0,
        0,
        -1,
        0,
        -1,
        0,
        0,
        0,
        0,
        0,
        0,
        0,
        0,
        0,
        0,
        0,
        0,
        0,
        0,
        0,
        0,
        0,
        0,
        0,
        0,
        0,
        0,
        0,
        0,
        0,
        0,
        0,
        0,
        0,
        0,
        0,
        0,
        0,
        0,
        0,
        0,
        0,
        0,
        0,
        0,
        0,
        0,
        -1,
        -1,
        0,
        0,
        0,
        -1,
        -4,
        -1,
        0,
        0,
        0,
        -1,
        0,
        -3,
        0,
        0,
        0,
        0,
        0,
        0,
        0,
        0,
        0,
        0,
        0,
        0,
        0,
        0,
        0,
        0,
        0,
        0,
        0,
        0,
        0,
        0,
        -1,
        -1,
        0,
        0,
        0,
        -1,
        -1,
        -1,
        0,
        0,
        -1,
        0,
        0,
        -1,
        0,
        0,
        0,
        0,
        0,
        0,
        0,
        0,
        0,
        0,
        0,
        0,
        0,
        0,
        0,
        0,
        0,
        0,
        0,
        0,
        0,
        0,
        -1,
        -1,
        0,
        0,
        0,
        -1,
        -1,
        0,
        0,
        0,
        -3,
        0,
        -1,
        0,
        0,
        0,
        0,
        0,
        0,
        0,
        0,
        0,
        0,
        0,
        0,
        0,
        0,
        0,
        0,
        0,
        0,
        0,
        0,
        0,
        0,
        0,
        0,
        0,
        0,
        0,
        0,
        0,
        0,
        0,
        0,
        0,
        0,
        0,
        0,
        0,
        0,
        0
    ],
    "minCut": [
        3,
        3,
        3,
        3,
        3,
        3,
        3,
        3,
        3,
        2,
        3,
        3,
        2,
        3,
        3,
        3,
        3,
        3,
        3,
        3,
        3,
        3,
        3,
        3,
        3,
        3,
        3,
        2,
        3,
        3,
        2,
        3,
        3,
        3,
        3,
        3,
        3,
        3,
        5,
        5,
        3,
        3,
        5,
        5,
        5,
        2,
        3,
        5,
        2,
        5,
        3,
        5,
        3,
        3,
        3,
        3,
        5,
        5,
        3,
        3,
        5,
        5,
        5,
        2,
        3,
        5,
        2,
        5,
        3,
        5,
        3,
        3,
        3,
        3,
        5,
        5,
        3,
        3,
        5,
        5,
        5,
        2,
        3,
        5,
        2,
        5,
        3,
        5,
        3,
        3,
        3,
        3,
        3,
        3,
        3,
        3,
        3,
        3,
        3,
        2,
        3,
        3,
        2,
        3,
        3,
        3,
        3,
        3,
        3,
        3,
        3,
        3,
        3,
        3,
        3,
        3,
        3,
        2,
        3,
        3,
        2,
        3,
        3,
        3,
        3,
        3,
        3,
        3,
        5,
        5,
        5,
        3,
        3,
        5,
        5,
        2,
        3,
        5,
        2,
        5,
        3,
        5,
        3,
        3,
        3,
        3,
        5,
        5,
        5,
        3,
        3,
        5,
        6,
        2,
        3,
        5,
        2,
        5,
        3,
        7,
        3,
        3,
        3,
        3,
        5,
        5,
        5,
        3,
        3,
        5,
        6,
        2,
        3,
        5,
        2,
        5,
        3,
        6,
        3,
        3,
        2,
        2,
        2,
        2,
        2,
        2,
        2,
        2,
        2,
        2,
        2,
        2,
        2,
        2,
        2,
        2,
        2,
        2,
        3,
        3,
        3,
        3,
        3,
        3,
        3,
        3,
        3,
        3,
        2,
        3,
        2,
        3,
        3,
        3,
        3,
        3,
        3,
        3,
        5,
        5,
        5,
        3,
        3,
        5,
        5,
        5,
        2,
        3,
        2,
        5,
        3,
        5,
        3,
        3,
        2,
        2,
        2,
        2,
        2,
        2,
        2,
        2,
        2,
        2,
        2,
        2,
        2,
        2,
        2,
        2,
        2,
        2,
        3,
        3,
        5,
        5,
        5,
        3,
        3,
        5,
        5,
        5,
        2,
        3,
        5,
        2,
        3,
        5,
        3,
        3,
        3,
        3,
        3,
        3,
        3,
        3,
        3,
        3,
        3,
        3,
        2,
        3,
        3,
        2,
        3,
        3,
        3,
        3,
        3,
        3,
        5,
        5,
        5,
        3,
        3,
        5,
        7,
        6,
        2,
        3,
        5,
        2,
        5,
        3,
        3,
        3,
        3,
        3,
        3,
        3,
        3,
        3,
        3,
        3,
        3,
        3,
        2,
        3,
        3,
        2,
        3,
        3,
        3,
        3,
        3,
        3,
        3,
        3,
        3,
        3,
        3,
        3,
        3,
        3,
        2,
        3,
        3,
        2,
        3,
        3,
        3,
        3
    ],