{
    "rf6461_real_hard.0000": {
        "DEFO": 1.0188392283333334,
        "Bhatia": 1.3136494162,
        "CG4SR": 1.0183333333333333,
        "SRLS": 1.0000090072333334
    },
    "rf1221_real_hard.0001": {
        "DEFO": 1.0066525325333333,
        "Bhatia": 1.1391671449833334,
        "CG4SR": 0.4586,
        "SRLS": 1.0000258095499999
    },
    "rf3257_real_hard.0001": {
        "DEFO": 1.024837577,
        "Bhatia": 1.50898005105,
        "CG4SR": 1.0227666666666666,
        "SRLS": 1.0000175275666667
    },
    "rf1755_real_hard.0001": {
        "DEFO": 1.0098641433833333,
        "Bhatia": 1.0891128863500001,
        "CG4SR": 0.268,
        "SRLS": 1.0000109269833333
    },
    "rf3967_real_hard.0001": {
        "DEFO": 1.0080052363,
        "Bhatia": 1.071202991,
        "CG4SR": 0.27864999999999995,
        "SRLS": 1.0000246281333334
    },
    "rf1239_real_hard.0004": {
        "DEFO": 1.1795925738333333,
        "Bhatia": 5.334885313100001,
        "CG4SR": 1.0263666666666666,
        "SRLS": 1.00001769865
    },
    "rf3257_real_hard.0003": {
        "DEFO": 1.02516194105,
        "Bhatia": 1.550247138,
        "CG4SR": 1.0210333333333332,
        "SRLS": 1.0000224682833332
    },
    "rf6461_real_hard.0003": {
        "DEFO": 1.0216652268833335,
        "Bhatia": 1.30739477115,
        "CG4SR": 1.0248499999999998,
        "SRLS": 1.0000268807833332
    },
    "rf1239_real_hard.0003": {
        "DEFO": 1.1862930400166665,
        "Bhatia": 5.34973942,
        "CG4SR": 1.0257833333333333,
        "SRLS": 1.0000461412833332
    },
    "rf3967_real_hard.0002": {
        "DEFO": 1.0085179403833333,
        "Bhatia": 1.0730212504,
        "CG4SR": 0.21118333333333333,
        "SRLS": 1.0000169867666666
    },
    "rf1221_real_hard.0000": {
        "DEFO": 1.0085639021833335,
        "Bhatia": 1.146194293083333,
        "CG4SR": 0.5986166666666667,
        "SRLS": 1.0000144126
    },
    "rf1755_real_hard.0004": {
        "DEFO": 1.01017219995,
        "Bhatia": 1.0860216259833335,
        "CG4SR": 0.38663333333333333,
        "SRLS": 1.0000303892333333
    },
    "rf1221_real_hard.0002": {
        "DEFO": 1.00801872445,
        "Bhatia": 1.1374553663166667,
        "CG4SR": 0.452,
        "SRLS": 1.0000171584166666
    },
    "rf3967_real_hard.0003": {
        "DEFO": 1.0062482099499999,
        "Bhatia": 1.07202582925,
        "CG4SR": 0.24713333333333332,
        "SRLS": 1.00002942345
    },
    "rf6461_real_hard.0002": {
        "DEFO": 1.0301883214833334,
        "Bhatia": 1.3123517624500003,
        "CG4SR": 1.0232166666666667,
        "SRLS": 1.0000213111333334
    },
    "rf1221_real_hard.0003": {
        "DEFO": 1.0096147017666666,
        "Bhatia": 1.1414358155166666,
        "CG4SR": 0.4718,
        "SRLS": 1.0000169705666666
    },
    "rf3967_real_hard.0000": {
        "DEFO": 1.0043970354333334,
        "Bhatia": 1.0769212497833334,
        "CG4SR": 0.22285,
        "SRLS": 1.0000121686333334
    },
    "rf1239_real_hard.0000": {
        "DEFO": 1.1834043334333333,
        "Bhatia": 5.500367149516666,
        "CG4SR": 1.0451,
        "SRLS": 1.0000244695666667
    },
    "rf3257_real_hard.0004": {
        "DEFO": 1.0387537863166667,
        "Bhatia": 2.760687591633333,
        "CG4SR": 1.0352166666666667,
        "SRLS": 1.0000236822166666
    },
    "rf6461_real_hard.0004": {
        "DEFO": 1.0160239685999999,
        "Bhatia": 1.3121196330833333,
        "CG4SR": 1.0477166666666666,
        "SRLS": 1.0000109195
    },
    "rf1221_real_hard.0004": {
        "DEFO": 1.0077611443333332,
        "Bhatia": 1.1428852145166668,
        "CG4SR": 0.5390499999999999,
        "SRLS": 1.0000151949833331
    },
    "rf3257_real_hard.0002": {
        "DEFO": 1.0277632568166666,
        "Bhatia": 1.5052944108166666,
        "CG4SR": 1.0211166666666667,
        "SRLS": 1.0000120423166667
    },
    "rf3967_real_hard.0004": {
        "DEFO": 1.0063698167666666,
        "Bhatia": 1.0680007931000002,
        "CG4SR": 0.23743333333333333,
        "SRLS": 1.0000159861333333
    },
    "rf6461_real_hard.0001": {
        "DEFO": 1.0189756067333333,
        "Bhatia": 1.3240723140333333,
        "CG4SR": 1.0433166666666667,
        "SRLS": 1.0000229716666666
    },
    "rf1239_real_hard.0002": {
        "DEFO": 1.18167604775,
        "Bhatia": 5.388172796066667,
        "CG4SR": 1.02505,
        "SRLS": 1.0000101432500001
    },
    "rf3257_real_hard.0000": {
        "DEFO": 1.0272490501666667,
        "Bhatia": 1.5130301334166665,
        "CG4SR": 1.0165833333333334,
        "SRLS": 1.0000097734333333
    },
    "rf1239_real_hard.0001": {
        "DEFO": 1.19020196535,
        "Bhatia": 5.42359306945,
        "CG4SR": 1.02715,
        "SRLS": 1.00001047505
    },
    "rf1755_real_hard.0000": {
        "DEFO": 1.0173252793333334,
        "Bhatia": 1.0985173884833332,
        "CG4SR": 0.3942833333333334,
        "SRLS": 1.0000196157833332
    },
    "rf1755_real_hard.0003": {
        "DEFO": 1.0123362057333332,
        "Bhatia": 1.0875350363833334,
        "CG4SR": 0.2653333333333333,
        "SRLS": 1.000025139
    },
    "rf1755_real_hard.0002": {
        "DEFO": 1.0121983491833333,
        "Bhatia": 1.0868257782166666,
        "CG4SR": 0.36945,
        "SRLS": 1.0000272229
    }
}