{
    "rf6461_real_hard.0000": {
        "Bhatia": [
            0,
            244.8585036111111
        ],
        "CG4SR": [
            0,
            9.125616250000013
        ],
        "MCF": [
            11298,
            -13.502561497326193
        ]
    },
    "rf1221_real_hard.0001": {
        "Bhatia": [
            10494,
            0.10352000000000139
        ],
        "CG4SR": [
            0,
            0.27956499999999274
        ],
        "MCF": [
            5325,
            0.09624999999999773
        ]
    },
    "rf3257_real_hard.0001": {
        "Bhatia": [
            24984,
            0.656565000000009
        ],
        "CG4SR": [
            0,
            2.5483383333332776
        ],
        "MCF": [
            10086,
            -4.805276190476182
        ]
    },
    "rf1755_real_hard.0001": {
        "Bhatia": [
            7161,
            0.10181000000000218
        ],
        "CG4SR": [
            0,
            0.1005099999999981
        ],
        "MCF": [
            4326,
            0.09824193548387816
        ]
    },
    "rf3967_real_hard.0001": {
        "Bhatia": [
            5783,
            0.9639799999999976
        ],
        "CG4SR": [
            0,
            1.1640008333333118
        ],
        "MCF": [
            3270,
            -2.801322000000006
        ]
    },
    "rf1239_real_hard.0004": {
        "Bhatia": [
            0,
            Infinity
        ],
        "CG4SR": [
            0,
            7.267348631944559
        ],
        "MCF": [
            0,
            Infinity
        ]
    },
    "rf3257_real_hard.0003": {
        "Bhatia": [
            24975,
            0.6579541666666633
        ],
        "CG4SR": [
            0,
            3.1513249999999937
        ],
        "MCF": [
            9889,
            -4.80503571428571
        ]
    },
    "rf6461_real_hard.0003": {
        "Bhatia": [
            0,
            267.20459458333335
        ],
        "CG4SR": [
            0,
            8.371498680555401
        ],
        "MCF": [
            10557,
            -15.399767379679163
        ]
    },
    "rf1239_real_hard.0003": {
        "Bhatia": [
            0,
            Infinity
        ],
        "CG4SR": [
            0,
            8.992138362242308
        ],
        "MCF": [
            0,
            Infinity
        ]
    },
    "rf3967_real_hard.0002": {
        "Bhatia": [
            5834,
            0.3012650000000061
        ],
        "CG4SR": [
            0,
            0.30147916666666275
        ],
        "MCF": [
            3289,
            -4.801640625000003
        ]
    },
    "rf1221_real_hard.0000": {
        "Bhatia": [
            10495,
            0.10398999999999825
        ],
        "CG4SR": [
            0,
            0.9814949999999989
        ],
        "MCF": [
            5211,
            0.09568999999999273
        ]
    },
    "rf1755_real_hard.0004": {
        "Bhatia": [
            7116,
            0.10443749999999863
        ],
        "CG4SR": [
            0,
            0.29698000000000224
        ],
        "MCF": [
            4098,
            0.09789285714285612
        ]
    },
    "rf1221_real_hard.0002": {
        "Bhatia": [
            10330,
            0.09886499999999243
        ],
        "CG4SR": [
            0,
            0.09971500000000022
        ],
        "MCF": [
            5298,
            0.09624000000000299
        ]
    },
    "rf3967_real_hard.0003": {
        "Bhatia": [
            5796,
            0.3002883333333428
        ],
        "CG4SR": [
            0,
            0.30121166666666754
        ],
        "MCF": [
            3178,
            -4.801696428571434
        ]
    },
    "rf6461_real_hard.0002": {
        "Bhatia": [
            18529,
            0.04263916666669143
        ],
        "CG4SR": [
            0,
            8.444884055555569
        ],
        "MCF": [
            11150,
            -12.502032085561488
        ]
    },
    "rf1221_real_hard.0003": {
        "Bhatia": [
            10404,
            0.09808000000000039
        ],
        "CG4SR": [
            0,
            0.09589999999999321
        ],
        "MCF": [
            5293,
            0.09591500000000197
        ]
    },
    "rf3967_real_hard.0000": {
        "Bhatia": [
            5787,
            0.3013258333333435
        ],
        "CG4SR": [
            0,
            0.5459300000000056
        ],
        "MCF": [
            3317,
            -4.801645089285733
        ]
    },
    "rf1239_real_hard.0000": {
        "Bhatia": [
            0,
            115.373306360119
        ],
        "CG4SR": [
            0,
            9.382881149267153
        ],
        "MCF": [
            0,
            Infinity
        ]
    },
    "rf3257_real_hard.0004": {
        "Bhatia": [
            25042,
            0.657423333333329
        ],
        "CG4SR": [
            0,
            5.545099166666678
        ],
        "MCF": [
            8898,
            -4.805273809523802
        ]
    },
    "rf6461_real_hard.0004": {
        "Bhatia": [
            0,
            252.88161736111113
        ],
        "CG4SR": [
            0,
            6.546123888888866
        ],
        "MCF": [
            10870,
            -14.502008021390367
        ]
    },
    "rf1221_real_hard.0004": {
        "Bhatia": [
            10431,
            0.0985649999999949
        ],
        "CG4SR": [
            0,
            0.11553499999999994
        ],
        "MCF": [
            5171,
            0.09567499999999507
        ]
    },
    "rf3257_real_hard.0002": {
        "Bhatia": [
            24937,
            0.6567375000000042
        ],
        "CG4SR": [
            0,
            2.875424444444419
        ],
        "MCF": [
            9843,
            -4.805352380952366
        ]
    },
    "rf3967_real_hard.0004": {
        "Bhatia": [
            5796,
            0.41260416666667465
        ],
        "CG4SR": [
            0,
            0.5929999999999991
        ],
        "MCF": [
            3269,
            -4.801638392857144
        ]
    },
    "rf6461_real_hard.0001": {
        "Bhatia": [
            18508,
            0.5197555555555677
        ],
        "CG4SR": [
            0,
            6.057386388888886
        ],
        "MCF": [
            11071,
            -15.402628342245993
        ]
    },
    "rf1239_real_hard.0002": {
        "Bhatia": [
            0,
            Infinity
        ],
        "CG4SR": [
            0,
            4.599971291666661
        ],
        "MCF": [
            0,
            Infinity
        ]
    },
    "rf3257_real_hard.0000": {
        "Bhatia": [
            24923,
            0.6571800000000017
        ],
        "CG4SR": [
            0,
            2.946291666666667
        ],
        "MCF": [
            9813,
            -4.805097619047616
        ]
    },
    "rf1239_real_hard.0001": {
        "Bhatia": [
            0,
            120.18523000297611
        ],
        "CG4SR": [
            0,
            9.783361188492323
        ],
        "MCF": [
            0,
            Infinity
        ]
    },
    "rf1755_real_hard.0000": {
        "Bhatia": [
            7100,
            0.10704166666666293
        ],
        "CG4SR": [
            0,
            1.4239200000000007
        ],
        "MCF": [
            3963,
            0.09788839285714834
        ]
    },
    "rf1755_real_hard.0003": {
        "Bhatia": [
            7130,
            0.10587499999999972
        ],
        "CG4SR": [
            0,
            0.09840999999999323
        ],
        "MCF": [
            3788,
            0.09835483870967998
        ]
    },
    "rf1755_real_hard.0002": {
        "Bhatia": [
            7142,
            0.10731749999999263
        ],
        "CG4SR": [
            0,
            1.2151041666666695
        ],