{
    "rf1239_real_hard.0006": {
        "CG4SR": 810.4000000000001
    },
    "rf3257_real_hard.0006": {
        "CG4SR": 44.69999999999998
    },
    "rf3967_real_hard.0006": {
        "CG4SR": 38.79999999999999
    },
    "rf1221_real_hard.0006": {
        "CG4SR": 62.3
    },
    "rf6461_real_hard.0006": {
        "CG4SR": 127.70000000000002
    },
    "rf1755_real_hard.0006": {
        "CG4SR": 37.40000000000001
    }
}