{
    "rf6461_real_hard.0000": {
        "Colgen/Bhatia": 0.009722777984751409,
        "Colgen/MCF": 0.0018034184971716324
    },
    "rf1221_real_hard.0001": {
        "Colgen/Bhatia": 0.011389096340552652,
        "Colgen/MCF": 0.003922072911978397
    },
    "rf3257_real_hard.0001": {
        "Colgen/Bhatia": 0.007592781914277999,
        "Colgen/MCF": 0.0018634723905468868
    },
    "rf1755_real_hard.0001": {
        "Colgen/Bhatia": 0.013568195853957543,
        "Colgen/MCF": 0.003665941115820827
    },
    "rf3967_real_hard.0001": {
        "Colgen/Bhatia": 0.015682069359364663,
        "Colgen/MCF": 0.00421388938567962
    },
    "rf1239_real_hard.0004": {
        "Colgen/Bhatia": 0.003206313900884723,
        "Colgen/MCF": 0.0005195416043100245
    },
    "rf3257_real_hard.0003": {
        "Colgen/Bhatia": 0.007527680259249258,
        "Colgen/MCF": 0.0018474946977730647
    },
    "rf6461_real_hard.0003": {
        "Colgen/Bhatia": 0.009543400837399981,
        "Colgen/MCF": 0.0017701469295177386
    },
    "rf1239_real_hard.0003": {
        "Colgen/Bhatia": 0.0032313486847912083,
        "Colgen/MCF": 0.000523598166517094
    },
    "rf3967_real_hard.0002": {
        "Colgen/Bhatia": 0.015550597989309734,
        "Colgen/MCF": 0.004178562044746493
    },
    "rf1221_real_hard.0000": {
        "Colgen/Bhatia": 0.012321731200091918,
        "Colgen/MCF": 0.004243245181488607
    },
    "rf1755_real_hard.0004": {
        "Colgen/Bhatia": 0.014499165814045664,
        "Colgen/MCF": 0.00391747647770799
    },
    "rf1221_real_hard.0002": {
        "Colgen/Bhatia": 0.011337033951858448,
        "Colgen/MCF": 0.0039041441423618498
    },
    "rf3967_real_hard.0003": {
        "Colgen/Bhatia": 0.015606062473551658,
        "Colgen/MCF": 0.004193465766702657
    },
    "rf6461_real_hard.0002": {
        "Colgen/Bhatia": 0.009387404044724702,
        "Colgen/MCF": 0.0017412120405537754
    },
    "rf1221_real_hard.0003": {
        "Colgen/Bhatia": 0.011338829206641006,
        "Colgen/MCF": 0.0039047623757969027
    },
    "rf3967_real_hard.0000": {
        "Colgen/Bhatia": 0.015437614780668778,
        "Colgen/MCF": 0.004148202611132087
    },
    "rf1239_real_hard.0000": {
        "Colgen/Bhatia": 0.0032096518720722543,
        "Colgen/MCF": 0.0005200824792709672
    },
    "rf3257_real_hard.0004": {
        "Colgen/Bhatia": 0.007676931831333667,
        "Colgen/MCF": 0.0018841250378730495
    },
    "rf6461_real_hard.0004": {
        "Colgen/Bhatia": 0.00992975161631075,
        "Colgen/MCF": 0.0018418087675415099
    },
    "rf1221_real_hard.0004": {
        "Colgen/Bhatia": 0.011848681564887689,
        "Colgen/MCF": 0.004080340671352052
    },
    "rf3257_real_hard.0002": {
        "Colgen/Bhatia": 0.007527680259249258,
        "Colgen/MCF": 0.0018474946977730647
    },
    "rf3967_real_hard.0004": {
        "Colgen/Bhatia": 0.01564920151685093,
        "Colgen/MCF": 0.004205057550446339
    },
    "rf6461_real_hard.0001": {
        "Colgen/Bhatia": 0.00983278063708017,
        "Colgen/MCF": 0.0018238222149422896
    },
    "rf1239_real_hard.0002": {
        "Colgen/Bhatia": 0.003216327814447317,
        "Colgen/MCF": 0.0005211642291928523
    },
    "rf3257_real_hard.0000": {
        "Colgen/Bhatia": 0.007289456425292234,
        "Colgen/MCF": 0.0017890281775488563
    },
    "rf1239_real_hard.0001": {
        "Colgen/Bhatia": 0.00321132085766602,
        "Colgen/MCF": 0.0005203529167514384
    },
    "rf1755_real_hard.0000": {
        "Colgen/Bhatia": 0.0149938396212212,
        "Colgen/MCF": 0.004051130580888958
    },
    "rf1755_real_hard.0003": {
        "Colgen/Bhatia": 0.013399207907406896,
        "Colgen/MCF": 0.0036202828818149065
    },
    "rf1755_real_hard.0002": {
        "Colgen/Bhatia": 0.01514285626499768,
        "Colgen/MCF": 0.004091392841785088
    }
}