{
    "rf6461_real_hard.0000": {
        "Bhatia": 10.86379062375
    },
    "rf1221_real_hard.0001": {
        "Bhatia": 8.175382365583333
    },
    "rf3257_real_hard.0001": {
        "Bhatia": 10.523385351683332
    },
    "rf1755_real_hard.0001": {
        "Bhatia": 10.089068000183332
    },
    "rf3967_real_hard.0001": {
        "Bhatia": 2.8384518589833334
    },
    "rf1239_real_hard.0004": {
        "Bhatia": 13.6699168398
    },
    "rf3257_real_hard.0003": {
        "Bhatia": 10.518676092466665
    },
    "rf6461_real_hard.0003": {
        "Bhatia": 10.328670832016668
    },
    "rf1239_real_hard.0003": {
        "Bhatia": 13.702280389916666
    },
    "rf3967_real_hard.0002": {
        "Bhatia": 4.2492027429
    },
    "rf1221_real_hard.0000": {
        "Bhatia": 4.94412700555
    },
    "rf1755_real_hard.0004": {
        "Bhatia": 8.277335951016667
    },
    "rf1221_real_hard.0002": {
        "Bhatia": 5.229115609966667
    },
    "rf3967_real_hard.0003": {
        "Bhatia": 4.77410340995
    },
    "rf6461_real_hard.0002": {
        "Bhatia": 10.317060115466667
    },
    "rf1221_real_hard.0003": {
        "Bhatia": 5.513111414083334
    },
    "rf3967_real_hard.0000": {
        "Bhatia": 4.459799905366667
    },
    "rf1239_real_hard.0000": {
        "Bhatia": 13.6904082688
    },
    "rf3257_real_hard.0004": {
        "Bhatia": 10.5188909697
    },
    "rf6461_real_hard.0004": {
        "Bhatia": 10.338439479833333
    },
    "rf1221_real_hard.0004": {
        "Bhatia": 8.2720473152
    },
    "rf3257_real_hard.0002": {
        "Bhatia": 10.519305969049999
    },
    "rf3967_real_hard.0004": {
        "Bhatia": 3.3443448384833334
    },
    "rf6461_real_hard.0001": {
        "Bhatia": 10.309725882666667
    },
    "rf1239_real_hard.0002": {
        "Bhatia": 13.654319395816664
    },
    "rf3257_real_hard.0000": {
        "Bhatia": 10.504360066666669
    },
    "rf1239_real_hard.0001": {
        "Bhatia": 13.799761966283334
    },
    "rf1755_real_hard.0000": {
        "Bhatia": 5.6227169847
    },
    "rf1755_real_hard.0003": {
        "Bhatia": 10.086939279383333
    },
    "rf1755_real_hard.0002": {
        "Bhatia": 7.360673088066667
    }
}