{
    "rf6461_real_hard.0000": {
        "DEFO": 10.035674614233335,
        "Bhatia": 10.86379062375,
        "CG4SR": 5.7411,
        "SRLS": 10.000011501866666
    },
    "rf1221_real_hard.0001": {
        "DEFO": 10.01058094575,
        "Bhatia": 8.175382365583333,
        "CG4SR": 0.5488166666666667,
        "SRLS": 10.00002973935
    },
    "rf3257_real_hard.0001": {
        "DEFO": 10.0263595449,
        "Bhatia": 10.523385351683332,
        "CG4SR": 10.08425,
        "SRLS": 10.000013742366667
    },
    "rf1755_real_hard.0001": {
        "DEFO": 10.018013733733333,
        "Bhatia": 10.089068000183332,
        "CG4SR": 0.2857166666666666,
        "SRLS": 10.000026784633334
    },
    "rf3967_real_hard.0001": {
        "DEFO": 10.005536646949999,
        "Bhatia": 2.8384518589833334,
        "CG4SR": 0.2869166666666667,
        "SRLS": 10.000009653216667
    },
    "rf1239_real_hard.0004": {
        "DEFO": 10.210791509466667,
        "Bhatia": 13.6699168398,
        "CG4SR": 10.035,
        "SRLS": 10.000026354983332
    },
    "rf3257_real_hard.0003": {
        "DEFO": 10.029777563166665,
        "Bhatia": 10.518676092466665,
        "CG4SR": 8.77895,
        "SRLS": 10.00003013353333
    },
    "rf6461_real_hard.0003": {
        "DEFO": 10.021937560166666,
        "Bhatia": 10.328670832016668,
        "CG4SR": 5.4411499999999995,
        "SRLS": 10.000035847966666
    },
    "rf1239_real_hard.0003": {
        "DEFO": 10.208273860616666,
        "Bhatia": 13.702280389916666,
        "CG4SR": 10.022783333333333,
        "SRLS": 10.000102913366668
    },
    "rf3967_real_hard.0002": {
        "DEFO": 10.0120126206,
        "Bhatia": 4.2492027429,
        "CG4SR": 0.2697833333333334,
        "SRLS": 10.0000201759
    },
    "rf1221_real_hard.0000": {
        "DEFO": 10.012997096133333,
        "Bhatia": 4.94412700555,
        "CG4SR": 0.71305,
        "SRLS": 10.000024159466667
    },
    "rf1755_real_hard.0004": {
        "DEFO": 10.009538750483335,
        "Bhatia": 8.277335951016667,
        "CG4SR": 0.4938166666666667,
        "SRLS": 10.000043550166668
    },
    "rf1221_real_hard.0002": {
        "DEFO": 10.021686031316667,
        "Bhatia": 5.229115609966667,
        "CG4SR": 0.5168833333333334,
        "SRLS": 10.000027086633336
    },
    "rf3967_real_hard.0003": {
        "DEFO": 10.003706273766667,
        "Bhatia": 4.77410340995,
        "CG4SR": 0.2904333333333333,
        "SRLS": 10.000015397033334
    },
    "rf6461_real_hard.0002": {
        "DEFO": 10.032893774633335,
        "Bhatia": 10.317060115466667,
        "CG4SR": 5.492216666666666,
        "SRLS": 10.0000158756
    },
    "rf1221_real_hard.0003": {
        "DEFO": 10.012757514666667,
        "Bhatia": 5.513111414083334,
        "CG4SR": 0.5361333333333334,
        "SRLS": 10.000020788816666
    },
    "rf3967_real_hard.0000": {
        "DEFO": 10.012463217283333,
        "Bhatia": 4.459799905366667,
        "CG4SR": 0.26203333333333334,
        "SRLS": 10.00002729505
    },
    "rf1239_real_hard.0000": {
        "DEFO": 10.178899951266668,
        "Bhatia": 13.6904082688,
        "CG4SR": 10.020033333333332,
        "SRLS": 10.000032403066667
    },
    "rf3257_real_hard.0004": {
        "DEFO": 10.021127199716666,
        "Bhatia": 10.5188909697,
        "CG4SR": 9.406283333333333,
        "SRLS": 10.000013491733332
    },
    "rf6461_real_hard.0004": {
        "DEFO": 10.026877368783333,
        "Bhatia": 10.338439479833333,
        "CG4SR": 4.792116666666667,
        "SRLS": 10.000024430799998
    },
    "rf1221_real_hard.0004": {
        "DEFO": 10.018024198616667,
        "Bhatia": 8.2720473152,
        "CG4SR": 0.6908833333333333,
        "SRLS": 10.000027612266665
    },
    "rf3257_real_hard.0002": {
        "DEFO": 10.032287158566668,
        "Bhatia": 10.519305969049999,
        "CG4SR": 9.763516666666666,
        "SRLS": 10.000018109416667
    },
    "rf3967_real_hard.0004": {
        "DEFO": 10.015526506433332,
        "Bhatia": 3.3443448384833334,
        "CG4SR": 0.26358333333333334,
        "SRLS": 10.00001120515
    },
    "rf6461_real_hard.0001": {
        "DEFO": 10.027770468866665,
        "Bhatia": 10.309725882666667,
        "CG4SR": 5.414466666666666,
        "SRLS": 10.00002772925
    },
    "rf1239_real_hard.0002": {
        "DEFO": 10.210579124050001,
        "Bhatia": 13.654319395816664,
        "CG4SR": 10.0187,
        "SRLS": 10.000035196583335
    },
    "rf3257_real_hard.0000": {
        "DEFO": 10.029374565416665,
        "Bhatia": 10.504360066666669,
        "CG4SR": 10.0385,
        "SRLS": 10.00002607175
    },
    "rf1239_real_hard.0001": {
        "DEFO": 10.187443900983334,
        "Bhatia": 13.799761966283334,
        "CG4SR": 10.024816666666668,
        "SRLS": 10.000065471716665
    },
    "rf1755_real_hard.0000": {
        "DEFO": 10.009664201383334,
        "Bhatia": 5.6227169847,
        "CG4SR": 0.48095,
        "SRLS": 10.000009837316666
    },
    "rf1755_real_hard.0003": {
        "DEFO": 10.017518539366668,
        "Bhatia": 10.086939279383333,
        "CG4SR": 0.2986666666666667,
        "SRLS": 10.0000119274
    },
    "rf1755_real_hard.0002": {
        "DEFO": 10.014474105033335,
        "Bhatia": 7.360673088066667,
        "CG4SR": 0.4355833333333333,
        "SRLS": 10.000058396516666
    }
}