{
    "rf1239_real_hard.0006": {
        "Colgen/Bhatia": 0.03857698721511951,
        "Colgen/MCF": 0.0062509007061536245
    },
    "rf3257_real_hard.0006": {
        "Colgen/Bhatia": 0.027054690953078837,
        "Colgen/MCF": 0.006639947017447702
    },
    "rf3967_real_hard.0006": {
        "Colgen/Bhatia": 0.03966909199641184,
        "Colgen/MCF": 0.010659381862981413
    },
    "rf1221_real_hard.0006": {
        "Colgen/Bhatia": 0.021246898263027295,
        "Colgen/MCF": 0.007316812646870327
    },
    "rf6461_real_hard.0006": {
        "Colgen/Bhatia": 0.03817105531741172,
        "Colgen/MCF": 0.007080115099197335
    },
    "rf1755_real_hard.0006": {
        "Colgen/Bhatia": 0.02950191570881226,
        "Colgen/MCF": 0.007971014492753623
    }
}