{
    "rf6461_real_hard.0000": {
        "Colgen/Bhatia": 0.015778673130376522,
        "Colgen/MCF": 0.002926689370956936
    },
    "rf1221_real_hard.0001": {
        "Colgen/Bhatia": 0.012615255357040271,
        "Colgen/MCF": 0.004344326348119829
    },
    "rf3257_real_hard.0001": {
        "Colgen/Bhatia": 0.009162214034952355,
        "Colgen/MCF": 0.0022486531396758067
    },
    "rf1755_real_hard.0001": {
        "Colgen/Bhatia": 0.014477658257211945,
        "Colgen/MCF": 0.0039116654297436
    },
    "rf3967_real_hard.0001": {
        "Colgen/Bhatia": 0.017742472236944275,
        "Colgen/MCF": 0.004767535056865979
    },
    "rf1239_real_hard.0004": {
        "Colgen/Bhatia": 0.004323057838374793,
        "Colgen/MCF": 0.0007004954830699896
    },
    "rf3257_real_hard.0003": {
        "Colgen/Bhatia": 0.009120259635044944,
        "Colgen/MCF": 0.0022383564043326767
    },
    "rf6461_real_hard.0003": {
        "Colgen/Bhatia": 0.015196080685987271,
        "Colgen/MCF": 0.0028186278691750585
    },
    "rf1239_real_hard.0003": {
        "Colgen/Bhatia": 0.004120436568116277,
        "Colgen/MCF": 0.0006676633327966189
    },
    "rf3967_real_hard.0002": {
        "Colgen/Bhatia": 0.01668453855603351,
        "Colgen/MCF": 0.004483260360294719
    },
    "rf1221_real_hard.0000": {
        "Colgen/Bhatia": 0.014350369104383294,
        "Colgen/MCF": 0.004941848963098882
    },
    "rf1755_real_hard.0004": {
        "Colgen/Bhatia": 0.01672058918415692,
        "Colgen/MCF": 0.004517674717458547
    },
    "rf1221_real_hard.0002": {
        "Colgen/Bhatia": 0.012228377951398863,
        "Colgen/MCF": 0.004211097042865834
    },
    "rf3967_real_hard.0003": {
        "Colgen/Bhatia": 0.01748774645746285,
        "Colgen/MCF": 0.004699088333808044
    },
    "rf6461_real_hard.0002": {
        "Colgen/Bhatia": 0.014354004633143071,
        "Colgen/MCF": 0.002662436343244279
    },
    "rf1221_real_hard.0003": {
        "Colgen/Bhatia": 0.012751694720514736,
        "Colgen/MCF": 0.004391312089183882
    },
    "rf3967_real_hard.0000": {
        "Colgen/Bhatia": 0.017802045201500416,
        "Colgen/MCF": 0.004783542758226303
    },
    "rf1239_real_hard.0000": {
        "Colgen/Bhatia": 0.0041216241155579945,
        "Colgen/MCF": 0.0006678557594654159
    },
    "rf3257_real_hard.0004": {
        "Colgen/Bhatia": 0.009652887620076387,
        "Colgen/MCF": 0.0023690776018785034
    },
    "rf6461_real_hard.0004": {
        "Colgen/Bhatia": 0.016427573793765343,
        "Colgen/MCF": 0.0030470499778758294
    },
    "rf1221_real_hard.0004": {
        "Colgen/Bhatia": 0.013484158671798701,
        "Colgen/MCF": 0.004643551330685646
    },
    "rf3257_real_hard.0002": {
        "Colgen/Bhatia": 0.010023725936499363,
        "Colgen/MCF": 0.0024600912740493867
    },
    "rf3967_real_hard.0004": {
        "Colgen/Bhatia": 0.01737476324882189,
        "Colgen/MCF": 0.004668728900193638
    },
    "rf6461_real_hard.0001": {
        "Colgen/Bhatia": 0.014900568334260882,
        "Colgen/MCF": 0.002763815094258067
    },
    "rf1239_real_hard.0002": {
        "Colgen/Bhatia": 0.003988458322701574,
        "Colgen/MCF": 0.0006462779689562736
    },
    "rf3257_real_hard.0000": {
        "Colgen/Bhatia": 0.008752796959993828,
        "Colgen/MCF": 0.002148171205120436
    },
    "rf1239_real_hard.0001": {
        "Colgen/Bhatia": 0.004223560620284915,
        "Colgen/MCF": 0.0006843732486572779
    },
    "rf1755_real_hard.0000": {
        "Colgen/Bhatia": 0.01775295191217543,
        "Colgen/MCF": 0.004796605019749262
    },
    "rf1755_real_hard.0003": {
        "Colgen/Bhatia": 0.014947751999434659,
        "Colgen/MCF": 0.004038678335250979
    },
    "rf1755_real_hard.0002": {
        "Colgen/Bhatia": 0.01693566475249411,
        "Colgen/MCF": 0.004575785197102445
    }
}