{
    "rf1239_real_hard.0006": {
        "Colgen/Bhatia": 0.041582772322071936,
        "Colgen/MCF": 0.006737949218854248
    },
    "rf3257_real_hard.0006": {
        "Colgen/Bhatia": 0.028845930164933583,
        "Colgen/MCF": 0.007079565177674249
    },
    "rf3967_real_hard.0006": {
        "Colgen/Bhatia": 0.042958237815209806,
        "Colgen/MCF": 0.011543199957148214
    },
    "rf1221_real_hard.0006": {
        "Colgen/Bhatia": 0.021401985111662532,
        "Colgen/MCF": 0.007370220038453322
    },
    "rf6461_real_hard.0006": {
        "Colgen/Bhatia": 0.03653806899367218,
        "Colgen/MCF": 0.006777222474632743
    },
    "rf1755_real_hard.0006": {
        "Colgen/Bhatia": 0.03103448275862069,
        "Colgen/MCF": 0.008385093167701863
    }
}