{
    "rf6461_real_hard.0000": {
        "DEFO": 5.025621048533333,
        "Bhatia": 5.320549541283333,
        "CG4SR": 4.781633333333334,
        "SRLS": 5.0000217924
    },
    "rf1221_real_hard.0001": {
        "DEFO": 5.009975479616667,
        "Bhatia": 6.463763884766666,
        "CG4SR": 0.47386666666666666,
        "SRLS": 5.000026739516666
    },
    "rf3257_real_hard.0001": {
        "DEFO": 5.03668471605,
        "Bhatia": 5.520819478983334,
        "CG4SR": 5.047583333333333,
        "SRLS": 5.0000241298666666
    },
    "rf1755_real_hard.0001": {
        "DEFO": 5.008259713916666,
        "Bhatia": 5.089711902083334,
        "CG4SR": 0.2601833333333333,
        "SRLS": 5.000029966366667
    },
    "rf3967_real_hard.0001": {
        "DEFO": 5.011378941633333,
        "Bhatia": 2.8629366277,
        "CG4SR": 0.294,
        "SRLS": 5.000026239483335
    },
    "rf1239_real_hard.0004": {
        "DEFO": 5.2085924493333335,
        "Bhatia": 8.838081414383334,
        "CG4SR": 5.027666666666667,
        "SRLS": 5.000035461266667
    },
    "rf3257_real_hard.0003": {
        "DEFO": 5.02851406975,
        "Bhatia": 5.490227944150001,
        "CG4SR": 5.042433333333333,
        "SRLS": 5.00002194995
    },
    "rf6461_real_hard.0003": {
        "DEFO": 5.0163138786833334,
        "Bhatia": 5.316420342916667,
        "CG4SR": 5.0478000000000005,
        "SRLS": 5.0000426244
    },
    "rf1239_real_hard.0003": {
        "DEFO": 5.208627663166667,
        "Bhatia": 8.561811256516668,
        "CG4SR": 5.030916666666667,
        "SRLS": 5.0000350757
    },
    "rf3967_real_hard.0002": {
        "DEFO": 5.0158445813500006,
        "Bhatia": 4.150349441166666,
        "CG4SR": 0.23565,
        "SRLS": 5.000026961183334
    },
    "rf1221_real_hard.0000": {
        "DEFO": 5.012661369083334,
        "Bhatia": 6.386107151866667,
        "CG4SR": 0.5937166666666667,
        "SRLS": 5.000026389716668
    },
    "rf1755_real_hard.0004": {
        "DEFO": 5.010078783816667,
        "Bhatia": 5.094940978083333,
        "CG4SR": 0.3752,
        "SRLS": 5.000027977499999
    },
    "rf1221_real_hard.0002": {
        "DEFO": 5.009361177533333,
        "Bhatia": 6.883610352783333,
        "CG4SR": 0.44680000000000003,
        "SRLS": 5.000028905916667
    },
    "rf3967_real_hard.0003": {
        "DEFO": 5.005268306966667,
        "Bhatia": 4.744569313516666,
        "CG4SR": 0.25595,
        "SRLS": 5.000027231900001
    },
    "rf6461_real_hard.0002": {
        "DEFO": 5.022641157233334,
        "Bhatia": 5.3381205844,
        "CG4SR": 4.919366666666667,
        "SRLS": 5.000023286733334
    },
    "rf1221_real_hard.0003": {
        "DEFO": 5.009166933566666,
        "Bhatia": 5.143877033833332,
        "CG4SR": 0.46826666666666666,
        "SRLS": 5.000026231833332
    },
    "rf3967_real_hard.0000": {
        "DEFO": 5.006192014450001,
        "Bhatia": 4.424854790166666,
        "CG4SR": 0.23861666666666667,
        "SRLS": 5.000023264266666
    },
    "rf1239_real_hard.0000": {
        "DEFO": 5.196895217883332,
        "Bhatia": 8.544164972616667,
        "CG4SR": 5.030966666666666,
        "SRLS": 5.000079574533333
    },
    "rf3257_real_hard.0004": {
        "DEFO": 5.02297739395,
        "Bhatia": 5.4899476457,
        "CG4SR": 5.0489,
        "SRLS": 5.000022988366666
    },
    "rf6461_real_hard.0004": {
        "DEFO": 5.023127887949999,
        "Bhatia": 5.309656117683334,
        "CG4SR": 5.04805,
        "SRLS": 5.000021476200001
    },
    "rf1221_real_hard.0004": {
        "DEFO": 5.019086131116667,
        "Bhatia": 6.128422021666666,
        "CG4SR": 0.54715,
        "SRLS": 5.000028286750001
    },
    "rf3257_real_hard.0002": {
        "DEFO": 5.035410130699999,
        "Bhatia": 5.5129958099000005,
        "CG4SR": 5.0712166666666665,
        "SRLS": 5.000029031783333
    },
    "rf3967_real_hard.0004": {
        "DEFO": 5.0077088941,
        "Bhatia": 3.2437090464666665,
        "CG4SR": 0.23935,
        "SRLS": 5.000035828316666
    },
    "rf6461_real_hard.0001": {
        "DEFO": 5.021667575866667,
        "Bhatia": 5.3141694924500005,
        "CG4SR": 4.484533333333334,
        "SRLS": 5.000018869183333
    },
    "rf1239_real_hard.0002": {
        "DEFO": 5.192223386766666,
        "Bhatia": 8.672521503283333,
        "CG4SR": 5.0302,
        "SRLS": 5.000041499483332
    },
    "rf3257_real_hard.0000": {
        "DEFO": 5.023832687700001,
        "Bhatia": 5.532190867500001,
        "CG4SR": 5.03275,
        "SRLS": 5.000039541316666
    },
    "rf1239_real_hard.0001": {
        "DEFO": 5.194688017799999,
        "Bhatia": 8.577836992716668,
        "CG4SR": 5.0254666666666665,
        "SRLS": 5.000036879516667
    },
    "rf1755_real_hard.0000": {
        "DEFO": 5.013334513533334,
        "Bhatia": 5.096096067283334,
        "CG4SR": 0.4206166666666667,
        "SRLS": 5.000017877933333
    },
    "rf1755_real_hard.0003": {
        "DEFO": 5.004150992033333,
        "Bhatia": 5.093545652433333,
        "CG4SR": 0.24694999999999998,
        "SRLS": 5.000041855533333
    },
    "rf1755_real_hard.0002": {
        "DEFO": 5.005310613783333,
        "Bhatia": 5.087958456316667,
        "CG4SR": 0.4133,
        "SRLS": 5.00003628405
    }
}