{
    "rf6461_real_hard.0000": {
        "DEFO": 85.47529722222228,
        "Bhatia": 260.35850361111113,
        "CG4SR": 91.83399791666666,
        "SRLS": 16.495555000000007
    },
    "rf1221_real_hard.0001": {
        "DEFO": 6.088154999999995,
        "Bhatia": 66.95854999999999,
        "CG4SR": 0.09832499999999911,
        "SRLS": 0.09624999999999773
    },
    "rf3257_real_hard.0001": {
        "DEFO": 107.6269760416667,
        "Bhatia": 174.29713916666674,
        "CG4SR": 88.05972916666661,
        "SRLS": 9.543666666666661
    },
    "rf1755_real_hard.0001": {
        "DEFO": 1.259840000000001,
        "Bhatia": 79.70029999999998,
        "CG4SR": 0.10485999999998441,
        "SRLS": 0.098374999999995
    },
    "rf3967_real_hard.0001": {
        "DEFO": 4.181809999999997,
        "Bhatia": 101.55894763888887,
        "CG4SR": 0.9952847222222116,
        "SRLS": 0.9562291666666667
    },
    "rf1239_real_hard.0004": {
        "DEFO": 93.91135750000001,
        "Bhatia": 141.4394875,
        "CG4SR": 141.4394875,
        "SRLS": 2.0310291666666758
    },
    "rf3257_real_hard.0003": {
        "DEFO": 36.79605583333333,
        "Bhatia": 166.75414,
        "CG4SR": 63.18939666666667,
        "SRLS": 7.455425000000004
    },
    "rf6461_real_hard.0003": {
        "DEFO": 79.29608986111113,
        "Bhatia": 284.6045945833334,
        "CG4SR": 78.36422763888889,
        "SRLS": 17.100123611111094
    },
    "rf1239_real_hard.0003": {
        "DEFO": 91.68027166666678,
        "Bhatia": 126.03306682440474,
        "CG4SR": 126.03306682440629,
        "SRLS": 1.9934583333333311
    },
    "rf3967_real_hard.0002": {
        "DEFO": 1.6869225000000099,
        "Bhatia": 85.66385666666669,
        "CG4SR": 0.30741499999999977,
        "SRLS": 0.2927325000000036
    },
    "rf1221_real_hard.0000": {
        "DEFO": 15.66091999999999,
        "Bhatia": 69.386985,
        "CG4SR": 0.1002149999999924,
        "SRLS": 0.09569249999999974
    },
    "rf1755_real_hard.0004": {
        "DEFO": 18.13407,
        "Bhatia": 99.606795,
        "CG4SR": 0.2260816666666554,
        "SRLS": 4.3392499999999945
    },
    "rf1221_real_hard.0002": {
        "DEFO": 0.1783800000000002,
        "Bhatia": 68.772325,
        "CG4SR": 0.10266500000000178,
        "SRLS": 0.09624000000000299
    },
    "rf3967_real_hard.0003": {
        "DEFO": 3.2255325000000057,
        "Bhatia": 101.84805375,
        "CG4SR": 0.31273083333333007,
        "SRLS": 0.3677411111111195
    },
    "rf6461_real_hard.0002": {
        "DEFO": 87.92306089583334,
        "Bhatia": 266.18659986111123,
        "CG4SR": 51.6480898611111,
        "SRLS": 14.882531666666676
    },
    "rf1221_real_hard.0003": {
        "DEFO": 9.463425000000003,
        "Bhatia": 74.395905,
        "CG4SR": 0.20662499999999362,
        "SRLS": 0.0958449999999944
    },
    "rf3967_real_hard.0000": {
        "DEFO": 3.779245000000009,
        "Bhatia": 92.61563652777775,
        "CG4SR": 0.31306000000000944,
        "SRLS": 0.39947916666667194
    },
    "rf1239_real_hard.0000": {
        "DEFO": 77.28555457440474,
        "Bhatia": 117.27330636011901,
        "CG4SR": 117.27330636012034,
        "SRLS": 1.9993750000000032
    },
    "rf3257_real_hard.0004": {
        "DEFO": 45.24206166666666,
        "Bhatia": 163.26411083333338,
        "CG4SR": 19.606932777777818,
        "SRLS": 8.179875000000003
    },
    "rf6461_real_hard.0004": {
        "DEFO": 94.99232916666668,
        "Bhatia": 269.3816173611111,
        "CG4SR": 52.836567361110944,
        "SRLS": 18.042266249999994
    },
    "rf1221_real_hard.0004": {
        "DEFO": 21.04518499999999,
        "Bhatia": 66.18572,
        "CG4SR": 0.10369000000000073,
        "SRLS": 0.09567999999999799
    },
    "rf3257_real_hard.0002": {
        "DEFO": 90.0015525,
        "Bhatia": 200.632005,
        "CG4SR": 68.64881666666666,
        "SRLS": 8.310625000000005
    },
    "rf3967_real_hard.0004": {
        "DEFO": 3.9845700000000095,
        "Bhatia": 92.8475275,
        "CG4SR": 0.41842750000000706,
        "SRLS": 0.4068541666666703
    },
    "rf6461_real_hard.0001": {
        "DEFO": 128.4205188888889,
        "Bhatia": 280.92730222222235,
        "CG4SR": 53.04407444444451,
        "SRLS": 18.303035833333315
    },
    "rf1239_real_hard.0002": {
        "DEFO": 72.84247252777782,
        "Bhatia": 111.00370002777767,
        "CG4SR": 109.1390500277778,
        "SRLS": 1.992740000000004
    },
    "rf3257_real_hard.0000": {
        "DEFO": 24.371774166666683,
        "Bhatia": 177.96200749999994,
        "CG4SR": 57.113319583333265,
        "SRLS": 7.488619791666662
    },
    "rf1239_real_hard.0001": {
        "DEFO": 85.96909494345236,
        "Bhatia": 122.08523000297613,
        "CG4SR": 113.50424000297612,
        "SRLS": 1.9959550000000048
    },
    "rf1755_real_hard.0000": {
        "DEFO": 23.22215999999999,
        "Bhatia": 86.89723541666667,
        "CG4SR": 0.370119999999996,
        "SRLS": 1.6939583333333341
    },
    "rf1755_real_hard.0003": {
        "DEFO": 1.9461300000000015,
        "Bhatia": 91.3396425,
        "CG4SR": 0.09886999999999535,
        "SRLS": 0.09909999999999641
    },
    "rf1755_real_hard.0002": {
        "DEFO": 18.29489666666666,
        "Bhatia": 96.1723125,
        "CG4SR": 0.14261249999999448,
        "SRLS": 2.58448
    }
}