{
    "rf6461_real_hard.0000": {
        "Bhatia": 5.320549541283333
    },
    "rf1221_real_hard.0001": {
        "Bhatia": 6.463763884766666
    },
    "rf3257_real_hard.0001": {
        "Bhatia": 5.520819478983334
    },
    "rf1755_real_hard.0001": {
        "Bhatia": 5.089711902083334
    },
    "rf3967_real_hard.0001": {
        "Bhatia": 2.8629366277
    },
    "rf1239_real_hard.0004": {
        "Bhatia": 8.838081414383334
    },
    "rf3257_real_hard.0003": {
        "Bhatia": 5.490227944150001
    },
    "rf6461_real_hard.0003": {
        "Bhatia": 5.316420342916667
    },
    "rf1239_real_hard.0003": {
        "Bhatia": 8.561811256516668
    },
    "rf3967_real_hard.0002": {
        "Bhatia": 4.150349441166666
    },
    "rf1221_real_hard.0000": {
        "Bhatia": 6.386107151866667
    },
    "rf1755_real_hard.0004": {
        "Bhatia": 5.094940978083333
    },
    "rf1221_real_hard.0002": {
        "Bhatia": 6.883610352783333
    },
    "rf3967_real_hard.0003": {
        "Bhatia": 4.744569313516666
    },
    "rf6461_real_hard.0002": {
        "Bhatia": 5.3381205844
    },
    "rf1221_real_hard.0003": {
        "Bhatia": 5.143877033833332
    },
    "rf3967_real_hard.0000": {
        "Bhatia": 4.424854790166666
    },
    "rf1239_real_hard.0000": {
        "Bhatia": 8.544164972616667
    },
    "rf3257_real_hard.0004": {
        "Bhatia": 5.4899476457
    },
    "rf6461_real_hard.0004": {
        "Bhatia": 5.309656117683334
    },
    "rf1221_real_hard.0004": {
        "Bhatia": 6.128422021666666
    },
    "rf3257_real_hard.0002": {
        "Bhatia": 5.5129958099000005
    },
    "rf3967_real_hard.0004": {
        "Bhatia": 3.2437090464666665
    },
    "rf6461_real_hard.0001": {
        "Bhatia": 5.3141694924500005
    },
    "rf1239_real_hard.0002": {
        "Bhatia": 8.672521503283333
    },
    "rf3257_real_hard.0000": {
        "Bhatia": 5.532190867500001
    },
    "rf1239_real_hard.0001": {
        "Bhatia": 8.577836992716668
    },
    "rf1755_real_hard.0000": {
        "Bhatia": 5.096096067283334
    },
    "rf1755_real_hard.0003": {
        "Bhatia": 5.093545652433333
    },
    "rf1755_real_hard.0002": {
        "Bhatia": 5.087958456316667
    }
}