{
    "rf6461_real_hard.0000": {
        "Bhatia": 120.62015915823334,
        "CG4SR": 4.414816666666667
    },
    "rf1221_real_hard.0001": {
        "Bhatia": 7.9209670222333335,
        "CG4SR": 0.44453333333333334
    },
    "rf3257_real_hard.0001": {
        "Bhatia": 72.29793804275002,
        "CG4SR": 7.498600000000001
    },
    "rf1755_real_hard.0001": {
        "Bhatia": 12.259300827766666,
        "CG4SR": 0.24134999999999998
    },
    "rf3967_real_hard.0001": {
        "Bhatia": 2.836900721816667,
        "CG4SR": 0.24861666666666668
    },
    "rf1239_real_hard.0004": {
        "Bhatia": Infinity,
        "CG4SR": 155.4231
    },
    "rf3257_real_hard.0003": {
        "Bhatia": 87.4719363676,
        "CG4SR": 7.136933333333333
    },
    "rf6461_real_hard.0003": {
        "Bhatia": 120.34441463106667,
        "CG4SR": 4.440316666666667
    },
    "rf1239_real_hard.0003": {
        "Bhatia": Infinity,
        "CG4SR": 112.02918333333334
    },
    "rf3967_real_hard.0002": {
        "Bhatia": 4.228274968233333,
        "CG4SR": 0.21051666666666669
    },
    "rf1221_real_hard.0000": {
        "Bhatia": 5.015398460516667,
        "CG4SR": 0.6048666666666667
    },
    "rf1755_real_hard.0004": {
        "Bhatia": 8.558148292333334,
        "CG4SR": 0.4042833333333334
    },
    "rf1221_real_hard.0002": {
        "Bhatia": 5.220868533600001,
        "CG4SR": 0.4322
    },
    "rf3967_real_hard.0003": {
        "Bhatia": 4.747861167866666,
        "CG4SR": 0.23775
    },
    "rf6461_real_hard.0002": {
        "Bhatia": 31.774267970433336,
        "CG4SR": 4.011383333333333
    },
    "rf1221_real_hard.0003": {
        "Bhatia": 5.533048574416667,
        "CG4SR": 0.44045
    },
    "rf3967_real_hard.0000": {
        "Bhatia": 4.424860985083333,
        "CG4SR": 0.23421666666666666
    },
    "rf1239_real_hard.0000": {
        "Bhatia": 123.7460595566,
        "CG4SR": 139.26288333333332
    },
    "rf3257_real_hard.0004": {
        "Bhatia": 98.37716002038333,
        "CG4SR": 7.0156
    },
    "rf6461_real_hard.0004": {
        "Bhatia": 120.32521053363334,
        "CG4SR": 4.08985
    },
    "rf1221_real_hard.0004": {
        "Bhatia": 8.566371240383335,
        "CG4SR": 0.5540333333333333
    },
    "rf3257_real_hard.0002": {
        "Bhatia": 78.56740195111666,
        "CG4SR": 7.901483333333333
    },
    "rf3967_real_hard.0004": {
        "Bhatia": 3.2542745190166666,
        "CG4SR": 0.23388333333333333
    },
    "rf6461_real_hard.0001": {
        "Bhatia": 26.940985718283333,
        "CG4SR": 4.27545
    },
    "rf1239_real_hard.0002": {
        "Bhatia": Infinity,
        "CG4SR": 120.4321
    },
    "rf3257_real_hard.0000": {
        "Bhatia": 83.88078490015,
        "CG4SR": 7.573016666666667
    },
    "rf1239_real_hard.0001": {
        "Bhatia": 123.71915025201668,
        "CG4SR": 140.2283
    },
    "rf1755_real_hard.0000": {
        "Bhatia": 5.541567681166666,
        "CG4SR": 0.43010000000000004
    },
    "rf1755_real_hard.0003": {
        "Bhatia": 11.716844727799998,
        "CG4SR": 0.25939999999999996
    },
    "rf1755_real_hard.0002": {
        "Bhatia": 7.3497367489666665,
        "CG4SR": 0.3579
    }
}