{
    "rf6461_real_hard.0000": {
        "Colgen/Bhatia": 0.008162043488992835,
        "Colgen/MCF": 0.0015139274213454453
    },
    "rf1221_real_hard.0001": {
        "Colgen/Bhatia": 0.011435772964899178,
        "Colgen/MCF": 0.003938146981289783
    },
    "rf3257_real_hard.0001": {
        "Colgen/Bhatia": 0.006573820454457775,
        "Colgen/MCF": 0.0016133919103166188
    },
    "rf1755_real_hard.0001": {
        "Colgen/Bhatia": 0.013565123345838441,
        "Colgen/MCF": 0.0036651109661116287
    },
    "rf3967_real_hard.0001": {
        "Colgen/Bhatia": 0.01583408313099068,
        "Colgen/MCF": 0.00425473662363355
    },
    "rf1239_real_hard.0004": {
        "Colgen/Bhatia": 0.0031762721601969403,
        "Colgen/MCF": 0.0005146737296615413
    },
    "rf3257_real_hard.0003": {
        "Colgen/Bhatia": 0.0066374754060414334,
        "Colgen/MCF": 0.0016290145432510225
    },
    "rf6461_real_hard.0003": {
        "Colgen/Bhatia": 0.00814326254835134,
        "Colgen/MCF": 0.0015104438597748453
    },
    "rf1239_real_hard.0003": {
        "Colgen/Bhatia": 0.0031796101313844717,
        "Colgen/MCF": 0.0005152146046224839
    },
    "rf3967_real_hard.0002": {
        "Colgen/Bhatia": 0.015546489508995518,
        "Colgen/MCF": 0.004177458065342333
    },
    "rf1221_real_hard.0000": {
        "Colgen/Bhatia": 0.012321731200091918,
        "Colgen/MCF": 0.004243245181488607
    },
    "rf1755_real_hard.0004": {
        "Colgen/Bhatia": 0.014225712591445522,
        "Colgen/MCF": 0.003843593153589318
    },
    "rf1221_real_hard.0002": {
        "Colgen/Bhatia": 0.011385505830987535,
        "Colgen/MCF": 0.00392083644510829
    },
    "rf3967_real_hard.0003": {
        "Colgen/Bhatia": 0.01616687003644222,
        "Colgen/MCF": 0.004344158955370528
    },
    "rf6461_real_hard.0002": {
        "Colgen/Bhatia": 0.008203054930801815,
        "Colgen/MCF": 0.0015215343823261434
    },
    "rf1221_real_hard.0003": {
        "Colgen/Bhatia": 0.011428591945768944,
        "Colgen/MCF": 0.00393567404754957
    },
    "rf3967_real_hard.0000": {
        "Colgen/Bhatia": 0.015263004367314575,
        "Colgen/MCF": 0.004101283486455277
    },
    "rf1239_real_hard.0000": {
        "Colgen/Bhatia": 0.0031762721601969403,
        "Colgen/MCF": 0.0005146737296615413
    },
    "rf3257_real_hard.0004": {
        "Colgen/Bhatia": 0.006747665985108599,
        "Colgen/MCF": 0.0016560582676867141
    },
    "rf6461_real_hard.0004": {
        "Colgen/Bhatia": 0.008461005401245215,
        "Colgen/MCF": 0.001569380034101935
    },
    "rf1221_real_hard.0004": {
        "Colgen/Bhatia": 0.011995892457057506,
        "Colgen/MCF": 0.004131035813026426
    },
    "rf3257_real_hard.0002": {
        "Colgen/Bhatia": 0.00662493730951738,
        "Colgen/MCF": 0.0016259373579760642
    },
    "rf3967_real_hard.0004": {
        "Colgen/Bhatia": 0.0152198653240153,
        "Colgen/MCF": 0.004089691702711594
    },
    "rf6461_real_hard.0001": {
        "Colgen/Bhatia": 0.00850125027404842,
        "Colgen/MCF": 0.001576844808896078
    },
    "rf1239_real_hard.0002": {
        "Colgen/Bhatia": 0.003177941145790706,
        "Colgen/MCF": 0.0005149441671420125
    },
    "rf3257_real_hard.0000": {
        "Colgen/Bhatia": 0.0064995563442768415,
        "Colgen/MCF": 0.0015951655052264808
    },
    "rf1239_real_hard.0001": {
        "Colgen/Bhatia": 0.0031762721601969403,
        "Colgen/MCF": 0.0005146737296615413
    },
    "rf1755_real_hard.0000": {
        "Colgen/Bhatia": 0.014741893955454777,
        "Colgen/MCF": 0.003983058304734676
    },
    "rf1755_real_hard.0003": {
        "Colgen/Bhatia": 0.013797097708830695,
        "Colgen/MCF": 0.0037277872691561195
    },
    "rf1755_real_hard.0002": {
        "Colgen/Bhatia": 0.014554470960189513,
        "Colgen/MCF": 0.003932419172473564
    }
}