{
    "rf6461_real_hard.0000": {
        "Bhatia": [
            0,
            244.8585036111111
        ],
        "CG4SR": [
            0,
            1.941556736111072
        ]
    },
    "rf1221_real_hard.0001": {
        "Bhatia": [
            10494,
            0.10352000000000139
        ],
        "CG4SR": [
            0,
            0.09856999999999783
        ]
    },
    "rf3257_real_hard.0001": {
        "Bhatia": [
            24984,
            0.656565000000009
        ],
        "CG4SR": [
            0,
            0.9817075000000619
        ]
    },
    "rf1755_real_hard.0001": {
        "Bhatia": [
            7161,
            0.10181000000000218
        ],
        "CG4SR": [
            0,
            0.10624999999999662
        ]
    },
    "rf3967_real_hard.0001": {
        "Bhatia": [
            5783,
            0.9639799999999976
        ],
        "CG4SR": [
            0,
            1.1106974999999908
        ]
    },
    "rf1239_real_hard.0004": {
        "Bhatia": [
            0,
            Infinity
        ],
        "CG4SR": [
            0,
            3.4857612847222774
        ]
    },
    "rf3257_real_hard.0003": {
        "Bhatia": [
            24975,
            0.6579541666666633
        ],
        "CG4SR": [
            0,
            1.3858090277777513
        ]
    },
    "rf6461_real_hard.0003": {
        "Bhatia": [
            0,
            268.1045945833334
        ],
        "CG4SR": [
            0,
            1.2999210416666518
        ]
    },
    "rf1239_real_hard.0003": {
        "Bhatia": [
            0,
            Infinity
        ],
        "CG4SR": [
            0,
            2.122316124999979
        ]
    },
    "rf3967_real_hard.0002": {
        "Bhatia": [
            5834,
            0.3012650000000061
        ],
        "CG4SR": [
            0,
            0.32705666666666966
        ]
    },
    "rf1221_real_hard.0000": {
        "Bhatia": [
            10495,
            0.10398999999999825
        ],
        "CG4SR": [
            0,
            1.0136699999999776
        ]
    },
    "rf1755_real_hard.0004": {
        "Bhatia": [
            7116,
            0.10443749999999863
        ],
        "CG4SR": [
            0,
            0.1550922916666475
        ]
    },
    "rf1221_real_hard.0002": {
        "Bhatia": [
            10330,
            0.09886499999999243
        ],
        "CG4SR": [
            0,
            0.1026149999999948
        ]
    },
    "rf3967_real_hard.0003": {
        "Bhatia": [
            5796,
            0.3002883333333428
        ],
        "CG4SR": [
            0,
            0.3076779166666599
        ]
    },
    "rf6461_real_hard.0002": {
        "Bhatia": [
            18529,
            0.04263916666669143
        ],
        "CG4SR": [
            0,
            0.4160900000000023
        ]
    },
    "rf1221_real_hard.0003": {
        "Bhatia": [
            10404,
            0.09808000000000039
        ],
        "CG4SR": [
            0,
            0.09886499999999243
        ]
    },
    "rf3967_real_hard.0000": {
        "Bhatia": [
            5787,
            0.3013258333333435
        ],
        "CG4SR": [
            0,
            0.31386694444442975
        ]
    },
    "rf1239_real_hard.0000": {
        "Bhatia": [
            0,
            115.373306360119
        ],
        "CG4SR": [
            0,
            3.913650644688438
        ]
    },
    "rf3257_real_hard.0004": {
        "Bhatia": [
            25042,
            0.657423333333329
        ],
        "CG4SR": [
            0,
            1.0801493055555667
        ]
    },
    "rf6461_real_hard.0004": {
        "Bhatia": [
            0,
            253.8816173611111
        ],
        "CG4SR": [
            0,
            1.9099700694444888
        ]
    },
    "rf1221_real_hard.0004": {
        "Bhatia": [
            10431,
            0.0985649999999949
        ],
        "CG4SR": [
            0,
            0.09844999999999438
        ]
    },
    "rf3257_real_hard.0002": {
        "Bhatia": [
            24937,
            0.6567375000000042
        ],
        "CG4SR": [
            0,
            1.111670000000009
        ]
    },
    "rf3967_real_hard.0004": {
        "Bhatia": [
            5796,
            0.41260416666667465
        ],
        "CG4SR": [
            0,
            0.43068083333333007
        ]
    },
    "rf6461_real_hard.0001": {
        "Bhatia": [
            18508,
            0.5197555555555677
        ],
        "CG4SR": [
            0,
            1.5702829166666321
        ]
    },
    "rf1239_real_hard.0002": {
        "Bhatia": [
            0,
            Infinity
        ],
        "CG4SR": [
            0,
            2.507209999999993
        ]
    },
    "rf3257_real_hard.0000": {
        "Bhatia": [
            24923,
            0.6571800000000017
        ],
        "CG4SR": [
            0,
            0.7907083333333453
        ]
    },
    "rf1239_real_hard.0001": {
        "Bhatia": [
            0,
            120.18523000297611
        ],
        "CG4SR": [
            0,
            3.558524435515964
        ]
    },
    "rf1755_real_hard.0000": {
        "Bhatia": [
            7100,
            0.10704166666666293
        ],
        "CG4SR": [
            0,
            0.14558999999999545
        ]
    },
    "rf1755_real_hard.0003": {
        "Bhatia": [
            7130,
            0.10587499999999972
        ],
        "CG4SR": [
            0,
            0.10693999999999981
        ]
    },
    "rf1755_real_hard.0002": {
        "Bhatia": [
            7142,
            0.10731749999999263
        ],
        "CG4SR": [
            0,
            0.20534999999999304
        ]
    }
}