{
    "rf1239_real_hard.0006": {
        "CG4SR": 810.4000000000001,
        "SRLS": 360.40000000000003
    },
    "rf3257_real_hard.0006": {
        "CG4SR": 44.7,
        "SRLS": 239.70000000000002
    },
    "rf3967_real_hard.0006": {
        "CG4SR": 53.800000000000004,
        "SRLS": 75.4
    },
    "rf1221_real_hard.0006": {
        "CG4SR": 62.3,
        "SRLS": 347.3
    },
    "rf6461_real_hard.0006": {
        "CG4SR": 127.70000000000002,
        "SRLS": 322.70000000000005
    },
    "rf1755_real_hard.0006": {
        "CG4SR": 29.89999999999999,
        "SRLS": 314.90000000000003
    }
}