{
    "rf6461_real_hard.0000": {
        "Colgen/Bhatia": 0.010603565772387264,
        "Colgen/MCF": 0.001966790425523444
    },
    "rf1221_real_hard.0001": {
        "Colgen/Bhatia": 0.012638593669213535,
        "Colgen/MCF": 0.004352363382775522
    },
    "rf3257_real_hard.0001": {
        "Colgen/Bhatia": 0.008518189884649512,
        "Colgen/MCF": 0.0020905923344947735
    },
    "rf1755_real_hard.0001": {
        "Colgen/Bhatia": 0.01458519604138054,
        "Colgen/MCF": 0.00394072066956555
    },
    "rf3967_real_hard.0001": {
        "Colgen/Bhatia": 0.01676670816231784,
        "Colgen/MCF": 0.004505339948377923
    },
    "rf1239_real_hard.0004": {
        "Colgen/Bhatia": 0.0039757162596107095,
        "Colgen/MCF": 0.0006442132828072909
    },
    "rf3257_real_hard.0003": {
        "Colgen/Bhatia": 0.008510474132942402,
        "Colgen/MCF": 0.002088698682017876
    },
    "rf6461_real_hard.0003": {
        "Colgen/Bhatia": 0.010593600375312186,
        "Colgen/MCF": 0.0019649420050982277
    },
    "rf1239_real_hard.0003": {
        "Colgen/Bhatia": 0.0039089568358600816,
        "Colgen/MCF": 0.0006333957835884391
    },
    "rf3967_real_hard.0002": {
        "Colgen/Bhatia": 0.01647911454032268,
        "Colgen/MCF": 0.0044280613900867065
    },
    "rf1221_real_hard.0000": {
        "Colgen/Bhatia": 0.013747163497443557,
        "Colgen/MCF": 0.00473412252892096
    },
    "rf1755_real_hard.0004": {
        "Colgen/Bhatia": 0.016181364009254396,
        "Colgen/MCF": 0.0043719834434942
    },
    "rf1221_real_hard.0002": {
        "Colgen/Bhatia": 0.012411493939219854,
        "Colgen/MCF": 0.004274156853241274
    },
    "rf3967_real_hard.0003": {
        "Colgen/Bhatia": 0.016688647036347724,
        "Colgen/MCF": 0.004484364339698879
    },
    "rf6461_real_hard.0002": {
        "Colgen/Bhatia": 0.01051387719871155,
        "Colgen/MCF": 0.0019501546416964973
    },
    "rf1221_real_hard.0003": {
        "Colgen/Bhatia": 0.012365714942264606,
        "Colgen/MCF": 0.004258391900647414
    },
    "rf3967_real_hard.0000": {
        "Colgen/Bhatia": 0.016963915217400236,
        "Colgen/MCF": 0.004558330959777614
    },
    "rf1239_real_hard.0000": {
        "Colgen/Bhatia": 0.00392898466298527,
        "Colgen/MCF": 0.0006366410333540946
    },
    "rf3257_real_hard.0004": {
        "Colgen/Bhatia": 0.008504205084680375,
        "Colgen/MCF": 0.002087160089380397
    },
    "rf6461_real_hard.0004": {
        "Colgen/Bhatia": 0.01075879599605677,
        "Colgen/MCF": 0.001995583128300852
    },
    "rf1221_real_hard.0004": {
        "Colgen/Bhatia": 0.013396191187453324,
        "Colgen/MCF": 0.004613257892368032
    },
    "rf3257_real_hard.0002": {
        "Colgen/Bhatia": 0.00871132479456811,
        "Colgen/MCF": 0.0021379928230571125
    },
    "rf3967_real_hard.0004": {
        "Colgen/Bhatia": 0.017154959552011306,
        "Colgen/MCF": 0.004609666002071066
    },
    "rf6461_real_hard.0001": {
        "Colgen/Bhatia": 0.01082088808552457,
        "Colgen/MCF": 0.0020071002094118155
    },
    "rf1239_real_hard.0002": {
        "Colgen/Bhatia": 0.003815493642609202,
        "Colgen/MCF": 0.0006182512846820467
    },
    "rf3257_real_hard.0000": {
        "Colgen/Bhatia": 0.008499623857104278,
        "Colgen/MCF": 0.002086035733222239
    },
    "rf1239_real_hard.0001": {
        "Colgen/Bhatia": 0.0039590264036730525,
        "Colgen/MCF": 0.0006415089080025779
    },
    "rf1755_real_hard.0000": {
        "Colgen/Bhatia": 0.016503977361760177,
        "Colgen/MCF": 0.004459149162960048
    },
    "rf1755_real_hard.0003": {
        "Colgen/Bhatia": 0.014998448383399853,
        "Colgen/MCF": 0.004052375805452755
    },
    "rf1755_real_hard.0002": {
        "Colgen/Bhatia": 0.01627661176094658,
        "Colgen/MCF": 0.004397718084479355
    }
}