{
    "rf1239_real_hard.0001": {
        "Bhatia": [
            0.0,
            122.08523000297613
        ],
        "SRLS": [
            18.553230209281164,
            1.9915899999999986
        ],
        "DEFO": [
            4.806389647153979,
            24.675894749999994
        ],
        "CG4SR": [
            0.23961176827418865,
            112.4977835277778
        ]
    },
    "rf3967_real_hard.0004": {
        "Bhatia": [
            94.0603700097371,
            0.41260416666667465
        ],
        "SRLS": [
            16.97500811424862,
            0.5474375000000031
        ],
        "DEFO": [
            8.016877637130802,
            1.2842400000000032
        ],
        "CG4SR": [
            11.619604024667316,
            0.41621250000000165
        ]
    },
    "rf6461_real_hard.0003": {
        "Bhatia": [
            0.0,
            268.1045945833334
        ],
        "SRLS": [
            50.338516872950386,
            0.4494325000000021
        ],
        "DEFO": [
            12.800169258436474,
            18.99007777777775
        ],
        "CG4SR": [
            23.976515391939067,
            1.4262884722222147
        ]
    },
    "rf6461_real_hard.0001": {
        "Bhatia": [
            0.0,
            263.5273022222223
        ],
        "SRLS": [
            53.6231884057971,
            0.602904999999998
        ],
        "DEFO": [
            14.524489580027504,
            29.252117152777778
        ],
        "CG4SR": [
            25.37818681899926,
            1.4534324999999848
        ]
    },
    "rf1755_real_hard.0004": {
        "Bhatia": [
            95.10825982357659,
            0.10443749999999863
        ],
        "SRLS": [
            19.847634322373697,
            4.163916666666667
        ],
        "DEFO": [
            8.233092755947608,
            12.648294166666684
        ],
        "CG4SR": [
            16.720128307939053,
            0.12288999999998662
        ]
    },
    "rf1221_real_hard.0004": {
        "Bhatia": [
            97.37677371172516,
            0.0985649999999949
        ],
        "SRLS": [
            14.441747572815533,
            0.09568500000000091
        ],
        "DEFO": [
            4.2569081404032865,
            16.593014999999987
        ],
        "CG4SR": [
            15.113890963405526,
            0.7000600000000023
        ]
    },
    "rf1755_real_hard.0003": {
        "Bhatia": [
            0.0,
            91.3396425
        ],
        "SRLS": [
            15.303394814220797,
            0.10020833333332924
        ],
        "DEFO": [
            7.805399625768511,
            0.9547199999999978
        ],
        "CG4SR": [
            12.14915797914996,
            0.10596999999999968
        ]
    },
    "rf3967_real_hard.0002": {
        "Bhatia": [
            94.677052904901,
            0.3012650000000061
        ],
        "SRLS": [
            16.731580655631287,
            0.29276166666668546
        ],
        "DEFO": [
            7.205452775073028,
            1.457667500000004
        ],
        "CG4SR": [
            11.359948068808828,
            0.32068416666666266
        ]
    },
    "rf6461_real_hard.0004": {
        "Bhatia": [
            0.0,
            253.8816173611111
        ],
        "SRLS": [
            52.359039458373005,
            1.6241006944444525
        ],
        "DEFO": [
            14.87887443139744,
            24.789204305555558
        ],
        "CG4SR": [
            26.187453718396277,
            2.130167708333297
        ]
    },
    "rf3257_real_hard.0001": {
        "Bhatia": [
            0.0,
            167.49713916666673
        ],
        "SRLS": [
            25.61335403726708,
            1.5803333333333391
        ],
        "DEFO": [
            4.701086956521739,
            67.18403416666668
        ],
        "CG4SR": [
            16.545031055900623,
            0.7635350000000041
        ]
    },
    "rf1221_real_hard.0001": {
        "Bhatia": [
            97.96489917849141,
            0.10352000000000139
        ],
        "SRLS": [
            11.137042569081403,
            0.09624999999999773
        ],
        "DEFO": [
            5.638536221060493,
            3.0021499999999923
        ],
        "CG4SR": [
            15.412621359223301,
            0.10162000000000226
        ]
    },
    "rf3257_real_hard.0002": {
        "Bhatia": [
            0.0,
            193.83200499999998
        ],
        "SRLS": [
            28.175465838509318,
            1.0270416666666726
        ],
        "DEFO": [
            6.649844720496894,
            53.238440416666656
        ],
        "CG4SR": [
            15.407608695652174,
            0.8282083333333357
        ]
    },
    "rf3257_real_hard.0003": {
        "Bhatia": [
            0.0,
            159.95414000000002
        ],
        "SRLS": [
            22.096273291925467,
            2.260916666666668
        ],
        "DEFO": [
            9.122670807453416,
            9.149574166666685
        ],
        "CG4SR": [
            14.860248447204969,
            0.8511180555555664
        ]
    },
    "rf3967_real_hard.0000": {
        "Bhatia": [
            93.9143135345667,
            0.3013258333333435
        ],
        "SRLS": [
            20.399221032132424,
            0.2930800000000011
        ],
        "DEFO": [
            8.3089905874716,
            0.5756775000000047
        ],
        "CG4SR": [
            12.122687439143135,
            0.29845652777777953
        ]
    },
    "rf1755_real_hard.0002": {
        "Bhatia": [
            95.4557604918471,
            0.10731749999999263
        ],
        "SRLS": [
            25.28735632183908,
            1.378159999999995
        ],
        "DEFO": [
            9.30232558139535,
            7.711760000000001
        ],
        "CG4SR": [
            16.452820101577117,
            0.33956749999999314
        ]
    },
    "rf1239_real_hard.0004": {
        "Bhatia": [
            0.0,
            141.4394875
        ],
        "SRLS": [
            22.159538974825598,
            1.990775458333327
        ],
        "DEFO": [
            4.230108179152765,
            34.996638250000004
        ],
        "CG4SR": [
            0.0,
            141.4394875
        ]
    },
    "rf1755_real_hard.0000": {
        "Bhatia": [
            94.89441325848703,
            0.10704166666666293
        ],
        "SRLS": [
            23.135525260625503,
            3.23566666666667
        ],
        "DEFO": [
            9.409248863940123,
            13.696651666666648
        ],
        "CG4SR": [
            18.05666933974873,
            0.9040000000000048
        ]
    },
    "rf1221_real_hard.0002": {
        "Bhatia": [
            96.43390589992532,
            0.09886499999999243
        ],
        "SRLS": [
            9.848767737117251,
            0.09624000000000299
        ],
        "DEFO": [
            5.143764002987304,
            0.09734000000000131
        ],
        "CG4SR": [
            13.172143390589993,
            0.10321249999999393
        ]
    },
    "rf1221_real_hard.0003": {
        "Bhatia": [
            97.12471994025393,
            0.09808000000000039
        ],
        "SRLS": [
            13.097460791635548,
            0.0958449999999944
        ],
        "DEFO": [
            4.630321135175504,
            9.49858
        ],
        "CG4SR": [
            12.836071695294997,
            0.10236999999999608
        ]
    },
    "rf3257_real_hard.0004": {
        "Bhatia": [
            0.0,
            156.4641108333334
        ],
        "SRLS": [
            30.873447204968944,
            1.0339166666666677
        ],
        "DEFO": [
            6.300465838509317,
            37.07448166666669
        ],
        "CG4SR": [
            14.961180124223603,
            2.0862949999999936
        ]
    },