{
    "rf6461_real_hard.0000": {
        "DEFO": [
            1205,
            118.59501972222222
        ],
        "Bhatia": [
            0,
            260.35850361111113
        ],
        "CG4SR": [
            0,
            172.09089236111095
        ],
        "SRLS": [
            9699,
            16.839909999999993
        ]
    },
    "rf1221_real_hard.0001": {
        "DEFO": [
            529,
            7.365820000000001
        ],
        "Bhatia": [
            0,
            66.95854999999999
        ],
        "CG4SR": [
            0,
            0.10731499999999672
        ],
        "SRLS": [
            1215,
            0.10426000000000046
        ]
    },
    "rf3257_real_hard.0001": {
        "DEFO": [
            613,
            111.69107083333331
        ],
        "Bhatia": [
            0,
            174.29713916666674
        ],
        "CG4SR": [
            0,
            129.03770416666669
        ],
        "SRLS": [
            6887,
            7.617389166666677
        ]
    },
    "rf1755_real_hard.0001": {
        "DEFO": [
            550,
            2.7483099999999983
        ],
        "Bhatia": [
            0,
            79.70029999999998
        ],
        "CG4SR": [
            0,
            0.10296166666665663
        ],
        "SRLS": [
            1066,
            0.09854000000000251
        ]
    },
    "rf3967_real_hard.0001": {
        "DEFO": [
            248,
            5.070977499999996
        ],
        "Bhatia": [
            0,
            101.55894763888887
        ],
        "CG4SR": [
            0,
            1.0066949999999908
        ],
        "SRLS": [
            1255,
            0.9561749999999924
        ]
    },
    "rf1239_real_hard.0004": {
        "DEFO": [
            387,
            112.1142475
        ],
        "Bhatia": [
            0,
            141.4394875
        ],
        "CG4SR": [
            0,
            141.4394875
        ],
        "SRLS": [
            21592,
            2.014484999999999
        ]
    },
    "rf3257_real_hard.0003": {
        "DEFO": [
            1511,
            51.978997916666636
        ],
        "Bhatia": [
            0,
            166.75414
        ],
        "CG4SR": [
            0,
            111.08478625000014
        ],
        "SRLS": [
            6130,
            8.096333333333327
        ]
    },
    "rf6461_real_hard.0003": {
        "DEFO": [
            994,
            121.62190218750001
        ],
        "Bhatia": [
            0,
            284.6045945833334
        ],
        "CG4SR": [
            0,
            188.747945138889
        ],
        "SRLS": [
            8686,
            17.26224145833338
        ]
    },
    "rf1239_real_hard.0003": {
        "DEFO": [
            315,
            102.36754812500011
        ],
        "Bhatia": [
            0,
            126.03306682440474
        ],
        "CG4SR": [
            0,
            126.03306682440483
        ],
        "SRLS": [
            16513,
            1.9964591666666642
        ]
    },
    "rf3967_real_hard.0002": {
        "DEFO": [
            387,
            2.1739512500000058
        ],
        "Bhatia": [
            0,
            85.66385666666669
        ],
        "CG4SR": [
            0,
            0.36489916666666566
        ],
        "SRLS": [
            918,
            0.455655833333346
        ]
    },
    "rf1221_real_hard.0000": {
        "DEFO": [
            534,
            15.66091999999999
        ],
        "Bhatia": [
            0,
            69.386985
        ],
        "CG4SR": [
            0,
            0.1000849999999942
        ],
        "SRLS": [
            2124,
            0.09569249999999974
        ]
    },
    "rf1755_real_hard.0004": {
        "DEFO": [
            497,
            18.13407
        ],
        "Bhatia": [
            0,
            99.606795
        ],
        "CG4SR": [
            0,
            0.5485766666666669
        ],
        "SRLS": [
            1712,
            2.0419166666666655
        ]
    },
    "rf1221_real_hard.0002": {
        "DEFO": [
            546,
            0.1783800000000002
        ],
        "Bhatia": [
            0,
            68.772325
        ],
        "CG4SR": [
            0,
            0.10111499999999607
        ],
        "SRLS": [
            1037,
            0.09624000000000299
        ]
    },
    "rf3967_real_hard.0003": {
        "DEFO": [
            369,
            3.7839950000000067
        ],
        "Bhatia": [
            0,
            101.84805375
        ],
        "CG4SR": [
            0,
            0.317606249999991
        ],
        "SRLS": [
            1485,
            0.29351499999999975
        ]
    },
    "rf6461_real_hard.0002": {
        "DEFO": [
            775,
            136.04817416666663
        ],
        "Bhatia": [
            0,
            266.18659986111123
        ],
        "CG4SR": [
            0,
            143.58802791666668
        ],
        "SRLS": [
            8196,
            15.26335499999999
        ]
    },
    "rf1221_real_hard.0003": {
        "DEFO": [
            482,
            9.983034999999996
        ],
        "Bhatia": [
            0,
            74.395905
        ],
        "CG4SR": [
            0,
            0.10447499999999277
        ],
        "SRLS": [
            1384,
            0.09584750000000142
        ]
    },
    "rf3967_real_hard.0000": {
        "DEFO": [
            341,
            5.752594166666669
        ],
        "Bhatia": [
            0,
            92.61563652777775
        ],
        "CG4SR": [
            0,
            0.32767944444442865
        ],
        "SRLS": [
            1198,
            0.29307277777778085
        ]
    },
    "rf1239_real_hard.0000": {
        "DEFO": [
            379,
            89.54582337499998
        ],
        "Bhatia": [
            0,
            117.27330636011901
        ],
        "CG4SR": [
            0,
            117.27330636011924
        ],
        "SRLS": [
            17017,
            1.9924358749999982
        ]
    },
    "rf3257_real_hard.0004": {
        "DEFO": [
            1319,
            57.98682166666666
        ],
        "Bhatia": [
            0,
            163.26411083333338
        ],
        "CG4SR": [
            0,
            85.87209944444437
        ],
        "SRLS": [
            7934,
            7.614086666666675
        ]
    },
    "rf6461_real_hard.0004": {
        "DEFO": [
            941,
            138.98949138888895
        ],
        "Bhatia": [
            0,
            269.3816173611111
        ],
        "CG4SR": [
            0,
            123.56889791666647
        ],
        "SRLS": [
            9067,
            18.43006083333333
        ]
    },
    "rf1221_real_hard.0004": {
        "DEFO": [
            348,
            22.366629999999986
        ],
        "Bhatia": [
            0,
            66.18572
        ],
        "CG4SR": [
            0,
            0.10128999999999833
        ],
        "SRLS": [
            1561,
            0.09689499999999684
        ]
    },
    "rf3257_real_hard.0002": {
        "DEFO": [
            1086,
            93.65591916666668
        ],
        "Bhatia": [
            0,
            200.632005
        ],
        "CG4SR": [
            0,
            144.51552583333336
        ],
        "SRLS": [
            6427,
            9.83054166666667
        ]
    },
    "rf3967_real_hard.0004": {
        "DEFO": [
            292,
            4.253852499999999
        ],
        "Bhatia": [
            0,
            92.8475275
        ],
        "CG4SR": [
            0,
            0.4484325000000067
        ],
        "SRLS": [
            1036,
            0.5481666666666607
        ]
    },
    "rf6461_real_hard.0001": {
        "DEFO": [
            803,
            163.3920581944446
        ],