{
    "rf6461_real_hard.0000": {
        "Colgen/Bhatia": 0.00884084034360689,
        "Colgen/MCF": 0.001639833289539988
    },
    "rf1221_real_hard.0001": {
        "Colgen/Bhatia": 0.011342419716206123,
        "Colgen/MCF": 0.0039059988426670095
    },
    "rf3257_real_hard.0001": {
        "Colgen/Bhatia": 0.006925610508853825,
        "Colgen/MCF": 0.0016997306279351613
    },
    "rf1755_real_hard.0001": {
        "Colgen/Bhatia": 0.01378941643853294,
        "Colgen/MCF": 0.0037257118948831234
    },
    "rf3967_real_hard.0001": {
        "Colgen/Bhatia": 0.015864896733347303,
        "Colgen/MCF": 0.004263016469164751
    },
    "rf1239_real_hard.0004": {
        "Colgen/Bhatia": 0.0031796101313844717,
        "Colgen/MCF": 0.0005152146046224839
    },
    "rf3257_real_hard.0003": {
        "Colgen/Bhatia": 0.007038694494811157,
        "Colgen/MCF": 0.0017274844720496895
    },
    "rf6461_real_hard.0003": {
        "Colgen/Bhatia": 0.008850039171676195,
        "Colgen/MCF": 0.0016415395237786492
    },
    "rf1239_real_hard.0003": {
        "Colgen/Bhatia": 0.003184617088165769,
        "Colgen/MCF": 0.0005160259170638977
    },
    "rf3967_real_hard.0002": {
        "Colgen/Bhatia": 0.01491994626107749,
        "Colgen/MCF": 0.004009101206207897
    },
    "rf1221_real_hard.0000": {
        "Colgen/Bhatia": 0.012355841040960533,
        "Colgen/MCF": 0.004254991616754621
    },
    "rf1755_real_hard.0004": {
        "Colgen/Bhatia": 0.01463128366316708,
        "Colgen/MCF": 0.003953172915203528
    },
    "rf1221_real_hard.0002": {
        "Colgen/Bhatia": 0.011337033951858448,
        "Colgen/MCF": 0.0039041441423618498
    },
    "rf3967_real_hard.0003": {
        "Colgen/Bhatia": 0.015408855418469262,
        "Colgen/MCF": 0.004140474755302965
    },
    "rf6461_real_hard.0002": {
        "Colgen/Bhatia": 0.008880701931907209,
        "Colgen/MCF": 0.0016472269712408533
    },
    "rf1221_real_hard.0003": {
        "Colgen/Bhatia": 0.011382812948813695,
        "Colgen/MCF": 0.00391990909495571
    },
    "rf3967_real_hard.0000": {
        "Colgen/Bhatia": 0.015020604028775796,
        "Colgen/MCF": 0.004036148701609823
    },
    "rf1239_real_hard.0000": {
        "Colgen/Bhatia": 0.0031812791169782374,
        "Colgen/MCF": 0.0005154850421029551
    },
    "rf3257_real_hard.0004": {
        "Colgen/Bhatia": 0.007201689749623857,
        "Colgen/MCF": 0.001767487880624148
    },
    "rf6461_real_hard.0004": {
        "Colgen/Bhatia": 0.0092383063731014,
        "Colgen/MCF": 0.0017135568272688081
    },
    "rf1221_real_hard.0004": {
        "Colgen/Bhatia": 0.01194921583271098,
        "Colgen/MCF": 0.004114961743715039
    },
    "rf3257_real_hard.0002": {
        "Colgen/Bhatia": 0.006988542108714942,
        "Colgen/MCF": 0.0017151757309498562
    },
    "rf3967_real_hard.0004": {
        "Colgen/Bhatia": 0.015228082284643733,
        "Colgen/MCF": 0.004091899661519915
    },
    "rf6461_real_hard.0001": {
        "Colgen/Bhatia": 0.00931726298069626,
        "Colgen/MCF": 0.0017282020044839836
    },
    "rf1239_real_hard.0002": {
        "Colgen/Bhatia": 0.0031812791169782374,
        "Colgen/MCF": 0.0005154850421029551
    },
    "rf3257_real_hard.0000": {
        "Colgen/Bhatia": 0.0068255468539022415,
        "Colgen/MCF": 0.0016751723223753976
    },
    "rf1239_real_hard.0001": {
        "Colgen/Bhatia": 0.0031812791169782374,
        "Colgen/MCF": 0.0005154850421029551
    },
    "rf1755_real_hard.0000": {
        "Colgen/Bhatia": 0.014615921122571566,
        "Colgen/MCF": 0.003949022166657535
    },
    "rf1755_real_hard.0003": {
        "Colgen/Bhatia": 0.013720285005853127,
        "Colgen/MCF": 0.003707033526426156
    },
    "rf1755_real_hard.0002": {
        "Colgen/Bhatia": 0.014440788159782713,
        "Colgen/MCF": 0.0039017036332332175
    }
}