{
    "rf6461_real_hard.0000": {
        "DEFO": 30.490806944444437,
        "Bhatia": 244.8585036111111,
        "CG4SR": 1.9502168611111204,
        "SRLS": 0.7959100000000108
    },
    "rf1221_real_hard.0001": {
        "DEFO": 3.0021499999999923,
        "Bhatia": 0.10352000000000139,
        "CG4SR": 0.10162000000000226,
        "SRLS": 0.09624999999999773
    },
    "rf3257_real_hard.0001": {
        "DEFO": 67.18403416666668,
        "Bhatia": 167.49713916666673,
        "CG4SR": 0.7635350000000041,
        "SRLS": 1.5803333333333391
    },
    "rf1755_real_hard.0001": {
        "DEFO": 0.09827999999999504,
        "Bhatia": 79.70029999999998,
        "CG4SR": 0.10060999999998987,
        "SRLS": 0.09862999999999955
    },
    "rf3967_real_hard.0001": {
        "DEFO": 2.3975922222222112,
        "Bhatia": 0.9639799999999976,
        "CG4SR": 0.9790500000000035,
        "SRLS": 0.9560547222222326
    },
    "rf1239_real_hard.0004": {
        "DEFO": 34.996638250000004,
        "Bhatia": 141.4394875,
        "CG4SR": 141.4394875,
        "SRLS": 1.990775458333327
    },
    "rf3257_real_hard.0003": {
        "DEFO": 9.149574166666685,
        "Bhatia": 159.95414000000002,
        "CG4SR": 0.8511180555555664,
        "SRLS": 2.260916666666668
    },
    "rf6461_real_hard.0003": {
        "DEFO": 18.99007777777775,
        "Bhatia": 268.1045945833334,
        "CG4SR": 1.4262884722222147,
        "SRLS": 0.4494325000000021
    },
    "rf1239_real_hard.0003": {
        "DEFO": 23.292645367063468,
        "Bhatia": 126.03306682440474,
        "CG4SR": 117.21130841666665,
        "SRLS": 2.0669999999999966
    },
    "rf3967_real_hard.0002": {
        "DEFO": 1.457667500000004,
        "Bhatia": 0.3012650000000061,
        "CG4SR": 0.32068416666666266,
        "SRLS": 0.29276166666668546
    },
    "rf1221_real_hard.0000": {
        "DEFO": 15.552370000000003,
        "Bhatia": 0.10398999999999825,
        "CG4SR": 0.8889849999999977,
        "SRLS": 0.09568999999999273
    },
    "rf1755_real_hard.0004": {
        "DEFO": 12.648294166666684,
        "Bhatia": 0.10443749999999863,
        "CG4SR": 0.12288999999998662,
        "SRLS": 4.163916666666667
    },
    "rf1221_real_hard.0002": {
        "DEFO": 0.09734000000000131,
        "Bhatia": 0.09886499999999243,
        "CG4SR": 0.10321249999999393,
        "SRLS": 0.09624000000000299
    },
    "rf3967_real_hard.0003": {
        "DEFO": 1.5833050000000015,
        "Bhatia": 0.3002883333333428,
        "CG4SR": 0.3061291666666688,
        "SRLS": 0.29266000000000014
    },
    "rf6461_real_hard.0002": {
        "DEFO": 21.597133333333375,
        "Bhatia": 251.6865998611112,
        "CG4SR": 0.5846059722222074,
        "SRLS": 0.23127000000000564
    },
    "rf1221_real_hard.0003": {
        "DEFO": 9.49858,
        "Bhatia": 0.09808000000000039,
        "CG4SR": 0.10236999999999608,
        "SRLS": 0.0958449999999944
    },
    "rf3967_real_hard.0000": {
        "DEFO": 0.5756775000000047,
        "Bhatia": 0.3013258333333435,
        "CG4SR": 0.29845652777777953,
        "SRLS": 0.2930800000000011
    },
    "rf1239_real_hard.0000": {
        "DEFO": 21.986432027777802,
        "Bhatia": 117.27330636011901,
        "CG4SR": 117.27330636012034,
        "SRLS": 1.9944583333333377
    },
    "rf3257_real_hard.0004": {
        "DEFO": 37.07448166666669,
        "Bhatia": 156.4641108333334,
        "CG4SR": 2.0862949999999936,
        "SRLS": 1.0339166666666677
    },
    "rf6461_real_hard.0004": {
        "DEFO": 24.789204305555558,
        "Bhatia": 253.8816173611111,
        "CG4SR": 2.130167708333297,
        "SRLS": 1.6241006944444525
    },
    "rf1221_real_hard.0004": {
        "DEFO": 16.593014999999987,
        "Bhatia": 0.0985649999999949,
        "CG4SR": 0.7000600000000023,
        "SRLS": 0.09568500000000091
    },
    "rf3257_real_hard.0002": {
        "DEFO": 53.238440416666656,
        "Bhatia": 193.83200499999998,
        "CG4SR": 0.8282083333333357,
        "SRLS": 1.0270416666666726
    },
    "rf3967_real_hard.0004": {
        "DEFO": 1.2842400000000032,
        "Bhatia": 0.41260416666667465,
        "CG4SR": 0.41621250000000165,
        "SRLS": 0.5474375000000031
    },
    "rf6461_real_hard.0001": {
        "DEFO": 29.252117152777778,
        "Bhatia": 263.5273022222223,
        "CG4SR": 1.4534324999999848,
        "SRLS": 0.602904999999998
    },
    "rf1239_real_hard.0002": {
        "DEFO": 22.88945700892858,
        "Bhatia": 111.00370002777767,
        "CG4SR": 111.00370002777868,
        "SRLS": 1.9918749999999985
    },
    "rf3257_real_hard.0000": {
        "DEFO": 8.296850000000022,
        "Bhatia": 171.16200749999996,
        "CG4SR": 0.7580069444444448,
        "SRLS": 0.6520416666666695
    },
    "rf1239_real_hard.0001": {
        "DEFO": 24.675894749999994,
        "Bhatia": 122.08523000297613,
        "CG4SR": 112.4977835277778,
        "SRLS": 1.9915899999999986
    },
    "rf1755_real_hard.0000": {
        "DEFO": 13.696651666666648,
        "Bhatia": 0.10704166666666293,
        "CG4SR": 0.9040000000000048,
        "SRLS": 3.23566666666667
    },
    "rf1755_real_hard.0003": {
        "DEFO": 0.9547199999999978,
        "Bhatia": 91.3396425,
        "CG4SR": 0.10596999999999968,
        "SRLS": 0.10020833333332924
    },
    "rf1755_real_hard.0002": {
        "DEFO": 7.711760000000001,
        "Bhatia": 0.10731749999999263,
        "CG4SR": 0.33956749999999314,
        "SRLS": 1.378159999999995
    }
}