{
    "rf6461_real_hard.0000": {
        "DEFO": [
            1790,
            85.47529722222228
        ],
        "Bhatia": [
            0,
            260.35850361111113
        ],
        "CG4SR": [
            0,
            91.83399791666666
        ],
        "SRLS": [
            9731,
            16.495555000000007
        ]
    },
    "rf1221_real_hard.0001": {
        "DEFO": [
            558,
            6.088154999999995
        ],
        "Bhatia": [
            0,
            66.95854999999999
        ],
        "CG4SR": [
            0,
            0.09832499999999911
        ],
        "SRLS": [
            1190,
            0.09624999999999773
        ]
    },
    "rf3257_real_hard.0001": {
        "DEFO": [
            679,
            107.6269760416667
        ],
        "Bhatia": [
            0,
            174.29713916666674
        ],
        "CG4SR": [
            0,
            88.05972916666661
        ],
        "SRLS": [
            5880,
            9.543666666666661
        ]
    },
    "rf1755_real_hard.0001": {
        "DEFO": [
            569,
            1.259840000000001
        ],
        "Bhatia": [
            0,
            79.70029999999998
        ],
        "CG4SR": [
            0,
            0.10485999999998441
        ],
        "SRLS": [
            1110,
            0.098374999999995
        ]
    },
    "rf3967_real_hard.0001": {
        "DEFO": [
            270,
            4.181809999999997
        ],
        "Bhatia": [
            0,
            101.55894763888887
        ],
        "CG4SR": [
            0,
            0.9952847222222116
        ],
        "SRLS": [
            1317,
            0.9562291666666667
        ]
    },
    "rf1239_real_hard.0004": {
        "DEFO": [
            781,
            93.91135750000001
        ],
        "Bhatia": [
            0,
            141.4394875
        ],
        "CG4SR": [
            0,
            141.4394875
        ],
        "SRLS": [
            21968,
            2.0310291666666758
        ]
    },
    "rf3257_real_hard.0003": {
        "DEFO": [
            1827,
            36.79605583333333
        ],
        "Bhatia": [
            0,
            166.75414
        ],
        "CG4SR": [
            0,
            63.18939666666667
        ],
        "SRLS": [
            6572,
            7.455425000000004
        ]
    },
    "rf6461_real_hard.0003": {
        "DEFO": [
            1516,
            79.29608986111113
        ],
        "Bhatia": [
            0,
            284.6045945833334
        ],
        "CG4SR": [
            0,
            78.36422763888889
        ],
        "SRLS": [
            9016,
            17.100123611111094
        ]
    },
    "rf1239_real_hard.0003": {
        "DEFO": [
            586,
            91.68027166666678
        ],
        "Bhatia": [
            0,
            126.03306682440474
        ],
        "CG4SR": [
            0,
            126.03306682440629
        ],
        "SRLS": [
            16165,
            1.9934583333333311
        ]
    },
    "rf3967_real_hard.0002": {
        "DEFO": [
            391,
            1.6869225000000099
        ],
        "Bhatia": [
            0,
            85.66385666666669
        ],
        "CG4SR": [
            0,
            0.30741499999999977
        ],
        "SRLS": [
            959,
            0.2927325000000036
        ]
    },
    "rf1221_real_hard.0000": {
        "DEFO": [
            534,
            15.66091999999999
        ],
        "Bhatia": [
            0,
            69.386985
        ],
        "CG4SR": [
            0,
            0.1002149999999924
        ],
        "SRLS": [
            2144,
            0.09569249999999974
        ]
    },
    "rf1755_real_hard.0004": {
        "DEFO": [
            497,
            18.13407
        ],
        "Bhatia": [
            0,
            99.606795
        ],
        "CG4SR": [
            0,
            0.2260816666666554
        ],
        "SRLS": [
            1440,
            4.3392499999999945
        ]
    },
    "rf1221_real_hard.0002": {
        "DEFO": [
            546,
            0.1783800000000002
        ],
        "Bhatia": [
            0,
            68.772325
        ],
        "CG4SR": [
            0,
            0.10266500000000178
        ],
        "SRLS": [
            1036,
            0.09624000000000299
        ]
    },
    "rf3967_real_hard.0003": {
        "DEFO": [
            382,
            3.2255325000000057
        ],
        "Bhatia": [
            0,
            101.84805375
        ],
        "CG4SR": [
            0,
            0.31273083333333007
        ],
        "SRLS": [
            1375,
            0.3677411111111195
        ]
    },
    "rf6461_real_hard.0002": {
        "DEFO": [
            1459,
            87.92306089583334
        ],
        "Bhatia": [
            0,
            266.18659986111123
        ],
        "CG4SR": [
            0,
            51.6480898611111
        ],
        "SRLS": [
            8360,
            14.882531666666676
        ]
    },
    "rf1221_real_hard.0003": {
        "DEFO": [
            494,
            9.463425000000003
        ],
        "Bhatia": [
            0,
            74.395905
        ],
        "CG4SR": [
            0,
            0.20662499999999362
        ],
        "SRLS": [
            1407,
            0.0958449999999944
        ]
    },
    "rf3967_real_hard.0000": {
        "DEFO": [
            378,
            3.779245000000009
        ],
        "Bhatia": [
            0,
            92.61563652777775
        ],
        "CG4SR": [
            0,
            0.31306000000000944
        ],
        "SRLS": [
            1181,
            0.39947916666667194
        ]
    },
    "rf1239_real_hard.0000": {
        "DEFO": [
            709,
            77.28555457440474
        ],
        "Bhatia": [
            0,
            117.27330636011901
        ],
        "CG4SR": [
            0,
            117.27330636012034
        ],
        "SRLS": [
            16937,
            1.9993750000000032
        ]
    },
    "rf3257_real_hard.0004": {
        "DEFO": [
            1583,
            45.24206166666666
        ],
        "Bhatia": [
            0,
            163.26411083333338
        ],
        "CG4SR": [
            0,
            19.606932777777818
        ],
        "SRLS": [
            7584,
            8.179875000000003
        ]
    },
    "rf6461_real_hard.0004": {
        "DEFO": [
            1589,
            94.99232916666668
        ],
        "Bhatia": [
            0,
            269.3816173611111
        ],
        "CG4SR": [
            0,
            52.836567361110944
        ],
        "SRLS": [
            9396,
            18.042266249999994
        ]
    },
    "rf1221_real_hard.0004": {
        "DEFO": [
            370,
            21.04518499999999
        ],
        "Bhatia": [
            0,
            66.18572
        ],
        "CG4SR": [
            0,
            0.10369000000000073
        ],
        "SRLS": [
            1521,
            0.09567999999999799
        ]
    },
    "rf3257_real_hard.0002": {
        "DEFO": [
            1151,
            90.0015525
        ],
        "Bhatia": [
            0,
            200.632005
        ],
        "CG4SR": [
            0,
            68.64881666666666
        ],
        "SRLS": [
            7001,
            8.310625000000005
        ]
    },
    "rf3967_real_hard.0004": {
        "DEFO": [
            300,
            3.9845700000000095
        ],
        "Bhatia": [
            0,
            92.8475275
        ],
        "CG4SR": [
            0,
            0.41842750000000706
        ],
        "SRLS": [
            1037,
            0.4068541666666703
        ]
    },
    "rf6461_real_hard.0001": {
        "DEFO": [
            1227,
            128.4205188888889
        ],
        "Bhatia": [
            0,
            280.92730222222235
        ],