{
    "rf6461_real_hard.0000": {
        "Bhatia": 259.3585036111111
    },
    "rf1221_real_hard.0001": {
        "Bhatia": 67.85855
    },
    "rf3257_real_hard.0001": {
        "Bhatia": 173.2971391666667
    },
    "rf1755_real_hard.0001": {
        "Bhatia": 80.60029999999999
    },
    "rf3967_real_hard.0001": {
        "Bhatia": 105.35894763888889
    },
    "rf1239_real_hard.0004": {
        "Bhatia": 140.43948749999998
    },
    "rf3257_real_hard.0003": {
        "Bhatia": 165.75414
    },
    "rf6461_real_hard.0003": {
        "Bhatia": 283.6045945833333
    },
    "rf1239_real_hard.0003": {
        "Bhatia": 125.03306682440471
    },
    "rf3967_real_hard.0002": {
        "Bhatia": 91.46385666666669
    },
    "rf1221_real_hard.0000": {
        "Bhatia": 70.286985
    },
    "rf1755_real_hard.0004": {
        "Bhatia": 100.506795
    },
    "rf1221_real_hard.0002": {
        "Bhatia": 69.67232499999999
    },
    "rf3967_real_hard.0003": {
        "Bhatia": 107.64805375000002
    },
    "rf6461_real_hard.0002": {
        "Bhatia": 265.1865998611112
    },
    "rf1221_real_hard.0003": {
        "Bhatia": 75.29590499999999
    },
    "rf3967_real_hard.0000": {
        "Bhatia": 98.41563652777775
    },
    "rf1239_real_hard.0000": {
        "Bhatia": 116.273306360119
    },
    "rf3257_real_hard.0004": {
        "Bhatia": 162.26411083333338
    },
    "rf6461_real_hard.0004": {
        "Bhatia": 268.3816173611111
    },
    "rf1221_real_hard.0004": {
        "Bhatia": 67.08572000000001
    },
    "rf3257_real_hard.0002": {
        "Bhatia": 199.63200499999996
    },
    "rf3967_real_hard.0004": {
        "Bhatia": 98.6475275
    },
    "rf6461_real_hard.0001": {
        "Bhatia": 279.9273022222223
    },
    "rf1239_real_hard.0002": {
        "Bhatia": 110.00370002777768
    },
    "rf3257_real_hard.0000": {
        "Bhatia": 176.96200749999994
    },
    "rf1239_real_hard.0001": {
        "Bhatia": 121.0852300029761
    },
    "rf1755_real_hard.0000": {
        "Bhatia": 87.79723541666668
    },
    "rf1755_real_hard.0003": {
        "Bhatia": 92.2396425
    },
    "rf1755_real_hard.0002": {
        "Bhatia": 97.0723125
    }
}