{
    "rf1239_real_hard.0006": {
        "CG4SR": 9.933399999999999,
        "SRLS": 10.000027460066667
    },
    "rf3257_real_hard.0006": {
        "CG4SR": 0.20151666666666668,
        "SRLS": 10.000026015183334
    },
    "rf3967_real_hard.0006": {
        "CG4SR": 0.021933333333333332,
        "SRLS": 10.000016049783333
    },
    "rf1221_real_hard.0006": {
        "CG4SR": 0.03648333333333333,
        "SRLS": 10.000028211583333
    },
    "rf6461_real_hard.0006": {
        "CG4SR": 0.1817666666666667,
        "SRLS": 10.00001796748333
    },
    "rf1755_real_hard.0006": {
        "CG4SR": 0.021766666666666667,
        "SRLS": 10.000060906666668
    }
}