{
    "rf6461_real_hard.0000": {
        "DEFO": 38.28822273611112,
        "Bhatia": 248.7585036111111,
        "CG4SR": 5.518486319444449,
        "SRLS": 4.688214166666649
    },
    "rf1221_real_hard.0001": {
        "DEFO": 3.0021499999999923,
        "Bhatia": 66.95854999999999,
        "CG4SR": 0.1022424999999938,
        "SRLS": 0.09624999999999773
    },
    "rf3257_real_hard.0001": {
        "DEFO": 89.61051229166664,
        "Bhatia": 174.29713916666674,
        "CG4SR": 8.202784722222201,
        "SRLS": 7.768624999999996
    },
    "rf1755_real_hard.0001": {
        "DEFO": 0.09827999999999504,
        "Bhatia": 79.70029999999998,
        "CG4SR": 0.13594500000000398,
        "SRLS": 0.1027499999999959
    },
    "rf3967_real_hard.0001": {
        "DEFO": 2.6991125000000005,
        "Bhatia": 0.9639799999999976,
        "CG4SR": 0.9688150000000006,
        "SRLS": 0.9560724999999937
    },
    "rf1239_real_hard.0004": {
        "DEFO": 51.37179474999994,
        "Bhatia": 141.4394875,
        "CG4SR": 141.4394875,
        "SRLS": 1.9908141666666546
    },
    "rf3257_real_hard.0003": {
        "DEFO": 17.650767499999997,
        "Bhatia": 166.75414,
        "CG4SR": 8.131963333333248,
        "SRLS": 7.450208333333341
    },
    "rf6461_real_hard.0003": {
        "DEFO": 34.16616222222218,
        "Bhatia": 273.00459458333336,
        "CG4SR": 5.995086249999981,
        "SRLS": 5.337428333333327
    },
    "rf1239_real_hard.0003": {
        "DEFO": 46.19308437499999,
        "Bhatia": 126.03306682440474,
        "CG4SR": 120.71678682440483,
        "SRLS": 1.9910491666666585
    },
    "rf3967_real_hard.0002": {
        "DEFO": 1.4857975000000079,
        "Bhatia": 0.3012650000000061,
        "CG4SR": 0.3313016666666724,
        "SRLS": 0.292807500000003
    },
    "rf1221_real_hard.0000": {
        "DEFO": 15.66091999999999,
        "Bhatia": 0.10398999999999825,
        "CG4SR": 0.5701650000000003,
        "SRLS": 0.09568999999999273
    },
    "rf1755_real_hard.0004": {
        "DEFO": 14.398960000000006,
        "Bhatia": 99.606795,
        "CG4SR": 0.17638999999999294,
        "SRLS": 2.7314583333333364
    },
    "rf1221_real_hard.0002": {
        "DEFO": 0.09734000000000131,
        "Bhatia": 0.12178499999999648,
        "CG4SR": 0.10266500000000178,
        "SRLS": 0.09624000000000299
    },
    "rf3967_real_hard.0003": {
        "DEFO": 1.5910958333333225,
        "Bhatia": 0.3002883333333428,
        "CG4SR": 0.31100500000000864,
        "SRLS": 0.4022980555555611
    },
    "rf6461_real_hard.0002": {
        "DEFO": 32.689844027777795,
        "Bhatia": 254.5865998611112,
        "CG4SR": 3.4734319444444273,
        "SRLS": 3.1365529166666573
    },
    "rf1221_real_hard.0003": {
        "DEFO": 8.464355000000001,
        "Bhatia": 74.395905,
        "CG4SR": 0.1470149999999948,
        "SRLS": 0.0958449999999944
    },
    "rf3967_real_hard.0000": {
        "DEFO": 0.5756775000000047,
        "Bhatia": 0.3013258333333435,
        "CG4SR": 0.3042361111111225,
        "SRLS": 0.2926345833333399
    },
    "rf1239_real_hard.0000": {
        "DEFO": 40.557403819444495,
        "Bhatia": 117.27330636011901,
        "CG4SR": 113.34459636011917,
        "SRLS": 1.9914316666666654
    },
    "rf3257_real_hard.0004": {
        "DEFO": 39.974481666666684,
        "Bhatia": 159.36411083333337,
        "CG4SR": 4.206504999999994,
        "SRLS": 3.5513075000000005
    },
    "rf6461_real_hard.0004": {
        "DEFO": 43.59446688888886,
        "Bhatia": 257.7816173611111,
        "CG4SR": 6.205756111111116,
        "SRLS": 5.435105625000003
    },
    "rf1221_real_hard.0004": {
        "DEFO": 16.936155000000007,
        "Bhatia": 66.18572,
        "CG4SR": 0.09983999999999549,
        "SRLS": 0.09567499999999507
    },
    "rf3257_real_hard.0002": {
        "DEFO": 71.87015916666665,
        "Bhatia": 200.632005,
        "CG4SR": 8.117904444444424,
        "SRLS": 8.09395833333333
    },
    "rf3967_real_hard.0004": {
        "DEFO": 2.2869699999999993,
        "Bhatia": 0.41260416666667465,
        "CG4SR": 0.6349274999999932,
        "SRLS": 1.0140312500000026
    },
    "rf6461_real_hard.0001": {
        "DEFO": 54.38087444444444,
        "Bhatia": 269.32730222222233,
        "CG4SR": 8.863137013888856,
        "SRLS": 6.498439583333293
    },
    "rf1239_real_hard.0002": {
        "DEFO": 37.89415336111116,
        "Bhatia": 111.00370002777767,
        "CG4SR": 95.72936974702382,
        "SRLS": 1.991900000000002
    },
    "rf3257_real_hard.0000": {
        "DEFO": 15.096850000000018,
        "Bhatia": 177.96200749999994,
        "CG4SR": 7.932529791666654,
        "SRLS": 8.604666666666672
    },
    "rf1239_real_hard.0001": {
        "DEFO": 45.99479075,
        "Bhatia": 122.08523000297613,
        "CG4SR": 112.4977835277778,
        "SRLS": 1.9915349999999998
    },
    "rf1755_real_hard.0000": {
        "DEFO": 15.967219999999994,
        "Bhatia": 0.40002375000000034,
        "CG4SR": 0.5709444444444434,
        "SRLS": 4.060999999999993
    },
    "rf1755_real_hard.0003": {
        "DEFO": 0.9547199999999978,
        "Bhatia": 91.3396425,
        "CG4SR": 0.10496999999999312,
        "SRLS": 0.2918333333333356
    },
    "rf1755_real_hard.0002": {
        "DEFO": 11.240456666666688,
        "Bhatia": 96.1723125,
        "CG4SR": 0.3098333333333314,
        "SRLS": 3.2476599999999967
    }
}