{
    "rf6461_real_hard.0000": {
        "CG4SR k=4": 1.6545642777777925,
        "CG4SR k=6": 1.941556736111072,
        "CG4SR k=2": 9.125616250000013
    },
    "rf1221_real_hard.0001": {
        "CG4SR k=4": 0.10377999999999776,
        "CG4SR k=6": 0.09856999999999783,
        "CG4SR k=2": 0.27956499999999274
    },
    "rf3257_real_hard.0001": {
        "CG4SR k=4": 0.9241658333333569,
        "CG4SR k=6": 0.9817075000000619,
        "CG4SR k=2": 2.5483383333332776
    },
    "rf1755_real_hard.0001": {
        "CG4SR k=4": 0.1624824999999941,
        "CG4SR k=6": 0.10624999999999662,
        "CG4SR k=2": 0.1005099999999981
    },
    "rf3967_real_hard.0001": {
        "CG4SR k=4": 0.9652916666666678,
        "CG4SR k=6": 1.1106974999999908,
        "CG4SR k=2": 1.1640008333333118
    },
    "rf1239_real_hard.0004": {
        "CG4SR k=4": 3.3330657545787457,
        "CG4SR k=6": 3.4857612847222774,
        "CG4SR k=2": 7.267348631944559
    },
    "rf3257_real_hard.0003": {
        "CG4SR k=4": 1.4149930555555579,
        "CG4SR k=6": 1.3858090277777513,
        "CG4SR k=2": 3.1513249999999937
    },
    "rf6461_real_hard.0003": {
        "CG4SR k=4": 2.1593819444444495,
        "CG4SR k=6": 1.2999210416666518,
        "CG4SR k=2": 8.371498680555401
    },
    "rf1239_real_hard.0003": {
        "CG4SR k=4": 2.7295814583332634,
        "CG4SR k=6": 2.122316124999979,
        "CG4SR k=2": 8.992138362242308
    },
    "rf3967_real_hard.0002": {
        "CG4SR k=4": 0.3402091666666607,
        "CG4SR k=6": 0.32705666666666966,
        "CG4SR k=2": 0.30147916666666275
    },
    "rf1221_real_hard.0000": {
        "CG4SR k=4": 1.316885000000001,
        "CG4SR k=6": 1.0136699999999776,
        "CG4SR k=2": 0.9814949999999989
    },
    "rf1755_real_hard.0004": {
        "CG4SR k=4": 0.23114249999999226,
        "CG4SR k=6": 0.1550922916666475,
        "CG4SR k=2": 0.29698000000000224
    },
    "rf1221_real_hard.0002": {
        "CG4SR k=4": 0.0968049999999887,
        "CG4SR k=6": 0.1026149999999948,
        "CG4SR k=2": 0.09971500000000022
    },
    "rf3967_real_hard.0003": {
        "CG4SR k=4": 0.30419208333334335,
        "CG4SR k=6": 0.3076779166666599,
        "CG4SR k=2": 0.30121166666666754
    },
    "rf6461_real_hard.0002": {
        "CG4SR k=4": 1.1769300000000094,
        "CG4SR k=6": 0.4160900000000023,
        "CG4SR k=2": 8.444884055555569
    },
    "rf1221_real_hard.0003": {
        "CG4SR k=4": 0.0975749999999942,
        "CG4SR k=6": 0.09886499999999243,
        "CG4SR k=2": 0.09589999999999321
    },
    "rf3967_real_hard.0000": {
        "CG4SR k=4": 0.3051652777777636,
        "CG4SR k=6": 0.31386694444442975,
        "CG4SR k=2": 0.5459300000000056
    },
    "rf1239_real_hard.0000": {
        "CG4SR k=4": 2.835481234432069,
        "CG4SR k=6": 3.913650644688438,
        "CG4SR k=2": 9.382881149267153
    },
    "rf3257_real_hard.0004": {
        "CG4SR k=4": 0.9634724999999733,
        "CG4SR k=6": 1.0801493055555667,
        "CG4SR k=2": 5.545099166666678
    },
    "rf6461_real_hard.0004": {
        "CG4SR k=4": 1.6447784722222414,
        "CG4SR k=6": 1.9099700694444888,
        "CG4SR k=2": 6.546123888888866
    },
    "rf1221_real_hard.0004": {
        "CG4SR k=4": 0.14022999999999675,
        "CG4SR k=6": 0.09844999999999438,
        "CG4SR k=2": 0.11553499999999994
    },
    "rf3257_real_hard.0002": {
        "CG4SR k=4": 0.9678999999999993,
        "CG4SR k=6": 1.111670000000009,
        "CG4SR k=2": 2.875424444444419
    },
    "rf3967_real_hard.0004": {
        "CG4SR k=4": 0.41206250000001,
        "CG4SR k=6": 0.43068083333333007,
        "CG4SR k=2": 0.5929999999999991
    },
    "rf6461_real_hard.0001": {
        "CG4SR k=4": 1.2499483333333172,
        "CG4SR k=6": 1.5702829166666321,
        "CG4SR k=2": 6.057386388888886
    },
    "rf1239_real_hard.0002": {
        "CG4SR k=4": 1.4180872678571266,
        "CG4SR k=6": 2.507209999999993,
        "CG4SR k=2": 4.599971291666661
    },
    "rf3257_real_hard.0000": {
        "CG4SR k=4": 0.8410197916666862,
        "CG4SR k=6": 0.7907083333333453,
        "CG4SR k=2": 2.946291666666667
    },
    "rf1239_real_hard.0001": {
        "CG4SR k=4": 4.181375306372493,
        "CG4SR k=6": 3.558524435515964,
        "CG4SR k=2": 9.783361188492323
    },
    "rf1755_real_hard.0000": {
        "CG4SR k=4": 0.5308533333333032,
        "CG4SR k=6": 0.14558999999999545,
        "CG4SR k=2": 1.4239200000000007
    },
    "rf1755_real_hard.0003": {
        "CG4SR k=4": 0.10945958333334893,
        "CG4SR k=6": 0.10693999999999981,
        "CG4SR k=2": 0.09840999999999323
    },
    "rf1755_real_hard.0002": {
        "CG4SR k=4": 0.4382474999999997,
        "CG4SR k=6": 0.20534999999999304,
        "CG4SR k=2": 1.2151041666666695
    }
}