{
    "rf6461_real_hard.0000": {
        "CG4SR": 1.941556736111072
    },
    "rf1221_real_hard.0001": {
        "CG4SR": 0.09856999999999783
    },
    "rf3257_real_hard.0001": {
        "CG4SR": 0.9817075000000619
    },
    "rf1755_real_hard.0001": {
        "CG4SR": 0.10624999999999662
    },
    "rf3967_real_hard.0001": {
        "CG4SR": 1.1106974999999908
    },
    "rf1239_real_hard.0004": {
        "CG4SR": 3.4857612847222774
    },
    "rf3257_real_hard.0003": {
        "CG4SR": 1.3858090277777513
    },
    "rf6461_real_hard.0003": {
        "CG4SR": 1.2999210416666518
    },
    "rf1239_real_hard.0003": {
        "CG4SR": 2.122316124999979
    },
    "rf3967_real_hard.0002": {
        "CG4SR": 0.32705666666666966
    },
    "rf1221_real_hard.0000": {
        "CG4SR": 1.0136699999999776
    },
    "rf1755_real_hard.0004": {
        "CG4SR": 0.1550922916666475
    },
    "rf1221_real_hard.0002": {
        "CG4SR": 0.1026149999999948
    },
    "rf3967_real_hard.0003": {
        "CG4SR": 0.3076779166666599
    },
    "rf6461_real_hard.0002": {
        "CG4SR": 0.4160900000000023
    },
    "rf1221_real_hard.0003": {
        "CG4SR": 0.09886499999999243
    },
    "rf3967_real_hard.0000": {
        "CG4SR": 0.31386694444442975
    },
    "rf1239_real_hard.0000": {
        "CG4SR": 3.913650644688438
    },
    "rf3257_real_hard.0004": {
        "CG4SR": 1.0801493055555667
    },
    "rf6461_real_hard.0004": {
        "CG4SR": 1.9099700694444888
    },
    "rf1221_real_hard.0004": {
        "CG4SR": 0.09844999999999438
    },
    "rf3257_real_hard.0002": {
        "CG4SR": 1.111670000000009
    },
    "rf3967_real_hard.0004": {
        "CG4SR": 0.43068083333333007
    },
    "rf6461_real_hard.0001": {
        "CG4SR": 1.5702829166666321
    },
    "rf1239_real_hard.0002": {
        "CG4SR": 2.507209999999993
    },
    "rf3257_real_hard.0000": {
        "CG4SR": 0.7907083333333453
    },
    "rf1239_real_hard.0001": {
        "CG4SR": 3.558524435515964
    },
    "rf1755_real_hard.0000": {
        "CG4SR": 0.14558999999999545
    },
    "rf1755_real_hard.0003": {
        "CG4SR": 0.10693999999999981
    },
    "rf1755_real_hard.0002": {
        "CG4SR": 0.20534999999999304
    }
}