{
    "rf6461_real_hard.0000": {
        "Bhatia": 0.8257799328333333
    },
    "rf1221_real_hard.0001": {
        "Bhatia": 0.6493787156833333
    },
    "rf3257_real_hard.0001": {
        "Bhatia": 0.9958881860333332
    },
    "rf1755_real_hard.0001": {
        "Bhatia": 0.5872186558
    },
    "rf3967_real_hard.0001": {
        "Bhatia": 0.5739327161833333
    },
    "rf1239_real_hard.0004": {
        "Bhatia": 5.526245639433333
    },
    "rf3257_real_hard.0003": {
        "Bhatia": 0.9817391360999999
    },
    "rf6461_real_hard.0003": {
        "Bhatia": 0.8349696553
    },
    "rf1239_real_hard.0003": {
        "Bhatia": 5.45696626965
    },
    "rf3967_real_hard.0002": {
        "Bhatia": 0.5671983627833335
    },
    "rf1221_real_hard.0000": {
        "Bhatia": 0.6416725235833333
    },
    "rf1755_real_hard.0004": {
        "Bhatia": 0.5871945866
    },
    "rf1221_real_hard.0002": {
        "Bhatia": 0.6447154944500001
    },
    "rf3967_real_hard.0003": {
        "Bhatia": 0.5748679493666666
    },
    "rf6461_real_hard.0002": {
        "Bhatia": 0.8206693636666665
    },
    "rf1221_real_hard.0003": {
        "Bhatia": 0.6453152667333333
    },
    "rf3967_real_hard.0000": {
        "Bhatia": 0.5681219399666666
    },
    "rf1239_real_hard.0000": {
        "Bhatia": 5.569989862116666
    },
    "rf3257_real_hard.0004": {
        "Bhatia": 0.9895761959
    },
    "rf6461_real_hard.0004": {
        "Bhatia": 0.8366781591166668
    },
    "rf1221_real_hard.0004": {
        "Bhatia": 0.6443144645833332
    },
    "rf3257_real_hard.0002": {
        "Bhatia": 0.9960053907833333
    },
    "rf3967_real_hard.0004": {
        "Bhatia": 0.5665673963666666
    },
    "rf6461_real_hard.0001": {
        "Bhatia": 0.8228979054833334
    },
    "rf1239_real_hard.0002": {
        "Bhatia": 5.522165936866667
    },
    "rf3257_real_hard.0000": {
        "Bhatia": 0.9888408631833333
    },
    "rf1239_real_hard.0001": {
        "Bhatia": 5.70475144205
    },
    "rf1755_real_hard.0000": {
        "Bhatia": 0.6010291611166667
    },
    "rf1755_real_hard.0003": {
        "Bhatia": 0.5873160172166666
    },
    "rf1755_real_hard.0002": {
        "Bhatia": 0.58652554765
    }
}