{
    "OVH-EUR.0003_150": {
        "CG4SR with adj": 58.16899999999999,
        "CG4SR": 145.42
    },
    "OVH-EUR.0004_150": {
        "CG4SR with adj": 35.55875,
        "CG4SR": 88.897
    },
    "OVH-EUR.0000_150": {
        "CG4SR with adj": 35.154999999999994,
        "CG4SR": 87.88
    },
    "OVH-EUR.0002_150": {
        "CG4SR with adj": 47.63649999999997,
        "CG4SR": 119.086
    },
    "OVH-EUR.0001_150": {
        "CG4SR with adj": 35.353,
        "CG4SR": 88.37933333333332
    }
}