{
    "rf6461_real_hard.0000": {
        "DEFO": 118.59501972222222,
        "Bhatia": 260.35850361111113,
        "CG4SR": 172.09089236111095,
        "SRLS": 16.839909999999993
    },
    "rf1221_real_hard.0001": {
        "DEFO": 7.365820000000001,
        "Bhatia": 66.95854999999999,
        "CG4SR": 0.10731499999999672,
        "SRLS": 0.10426000000000046
    },
    "rf3257_real_hard.0001": {
        "DEFO": 111.69107083333331,
        "Bhatia": 174.29713916666674,
        "CG4SR": 129.03770416666669,
        "SRLS": 7.617389166666677
    },
    "rf1755_real_hard.0001": {
        "DEFO": 2.7483099999999983,
        "Bhatia": 79.70029999999998,
        "CG4SR": 0.10296166666665663,
        "SRLS": 0.09854000000000251
    },
    "rf3967_real_hard.0001": {
        "DEFO": 5.070977499999996,
        "Bhatia": 101.55894763888887,
        "CG4SR": 1.0066949999999908,
        "SRLS": 0.9561749999999924
    },
    "rf1239_real_hard.0004": {
        "DEFO": 112.1142475,
        "Bhatia": 141.4394875,
        "CG4SR": 141.4394875,
        "SRLS": 2.014484999999999
    },
    "rf3257_real_hard.0003": {
        "DEFO": 51.978997916666636,
        "Bhatia": 166.75414,
        "CG4SR": 111.08478625000014,
        "SRLS": 8.096333333333327
    },
    "rf6461_real_hard.0003": {
        "DEFO": 121.62190218750001,
        "Bhatia": 284.6045945833334,
        "CG4SR": 188.747945138889,
        "SRLS": 17.26224145833338
    },
    "rf1239_real_hard.0003": {
        "DEFO": 102.36754812500011,
        "Bhatia": 126.03306682440474,
        "CG4SR": 126.03306682440483,
        "SRLS": 1.9964591666666642
    },
    "rf3967_real_hard.0002": {
        "DEFO": 2.1739512500000058,
        "Bhatia": 85.66385666666669,
        "CG4SR": 0.36489916666666566,
        "SRLS": 0.455655833333346
    },
    "rf1221_real_hard.0000": {
        "DEFO": 15.66091999999999,
        "Bhatia": 69.386985,
        "CG4SR": 0.1000849999999942,
        "SRLS": 0.09569249999999974
    },
    "rf1755_real_hard.0004": {
        "DEFO": 18.13407,
        "Bhatia": 99.606795,
        "CG4SR": 0.5485766666666669,
        "SRLS": 2.0419166666666655
    },
    "rf1221_real_hard.0002": {
        "DEFO": 0.1783800000000002,
        "Bhatia": 68.772325,
        "CG4SR": 0.10111499999999607,
        "SRLS": 0.09624000000000299
    },
    "rf3967_real_hard.0003": {
        "DEFO": 3.7839950000000067,
        "Bhatia": 101.84805375,
        "CG4SR": 0.317606249999991,
        "SRLS": 0.29351499999999975
    },
    "rf6461_real_hard.0002": {
        "DEFO": 136.04817416666663,
        "Bhatia": 266.18659986111123,
        "CG4SR": 143.58802791666668,
        "SRLS": 15.26335499999999
    },
    "rf1221_real_hard.0003": {
        "DEFO": 9.983034999999996,
        "Bhatia": 74.395905,
        "CG4SR": 0.10447499999999277,
        "SRLS": 0.09584750000000142
    },
    "rf3967_real_hard.0000": {
        "DEFO": 5.752594166666669,
        "Bhatia": 92.61563652777775,
        "CG4SR": 0.32767944444442865,
        "SRLS": 0.29307277777778085
    },
    "rf1239_real_hard.0000": {
        "DEFO": 89.54582337499998,
        "Bhatia": 117.27330636011901,
        "CG4SR": 117.27330636011924,
        "SRLS": 1.9924358749999982
    },
    "rf3257_real_hard.0004": {
        "DEFO": 57.98682166666666,
        "Bhatia": 163.26411083333338,
        "CG4SR": 85.87209944444437,
        "SRLS": 7.614086666666675
    },
    "rf6461_real_hard.0004": {
        "DEFO": 138.98949138888895,
        "Bhatia": 269.3816173611111,
        "CG4SR": 123.56889791666647,
        "SRLS": 18.43006083333333
    },
    "rf1221_real_hard.0004": {
        "DEFO": 22.366629999999986,
        "Bhatia": 66.18572,
        "CG4SR": 0.10128999999999833,
        "SRLS": 0.09689499999999684
    },
    "rf3257_real_hard.0002": {
        "DEFO": 93.65591916666668,
        "Bhatia": 200.632005,
        "CG4SR": 144.51552583333336,
        "SRLS": 9.83054166666667
    },
    "rf3967_real_hard.0004": {
        "DEFO": 4.253852499999999,
        "Bhatia": 92.8475275,
        "CG4SR": 0.4484325000000067,
        "SRLS": 0.5481666666666607
    },
    "rf6461_real_hard.0001": {
        "DEFO": 163.3920581944446,
        "Bhatia": 280.92730222222235,
        "CG4SR": 151.38428416666665,
        "SRLS": 18.859039513888863
    },
    "rf1239_real_hard.0002": {
        "DEFO": 83.66488766369045,
        "Bhatia": 111.00370002777767,
        "CG4SR": 109.65713502777778,
        "SRLS": 1.9971249999999996
    },
    "rf3257_real_hard.0000": {
        "DEFO": 50.95784916666667,
        "Bhatia": 177.96200749999994,
        "CG4SR": 144.78913749999998,
        "SRLS": 8.802583333333336
    },
    "rf1239_real_hard.0001": {
        "DEFO": 97.24309827678569,
        "Bhatia": 122.08523000297613,
        "CG4SR": 119.62278000297614,
        "SRLS": 2.0054166666666706
    },
    "rf1755_real_hard.0000": {
        "DEFO": 24.018404999999987,
        "Bhatia": 86.89723541666667,
        "CG4SR": 0.3766666666666696,
        "SRLS": 1.2512083333333313
    },
    "rf1755_real_hard.0003": {
        "DEFO": 2.8833250000000032,
        "Bhatia": 91.3396425,
        "CG4SR": 0.09959999999999969,
        "SRLS": 0.10240000000000249
    },
    "rf1755_real_hard.0002": {
        "DEFO": 20.14022833333331,
        "Bhatia": 96.1723125,
        "CG4SR": 0.47870666666666173,
        "SRLS": 2.5423299999999927
    }
}