{
    "rf1239_real_hard.0006": {
        "CG4SR": 14.066566666666667
    },
    "rf3257_real_hard.0006": {
        "CG4SR": 0.20723333333333332
    },
    "rf3967_real_hard.0006": {
        "CG4SR": 0.024
    },
    "rf1221_real_hard.0006": {
        "CG4SR": 0.03643333333333333
    },
    "rf6461_real_hard.0006": {
        "CG4SR": 0.18506666666666666
    },
    "rf1755_real_hard.0006": {
        "CG4SR": 0.026333333333333334
    }
}