{
    "rf6461_real_hard.0000": {
        "Colgen/Bhatia": 0.01062234671302876,
        "Colgen/MCF": 0.0019702739870940443
    },
    "rf1221_real_hard.0001": {
        "Colgen/Bhatia": 0.012649365197908886,
        "Colgen/MCF": 0.004356072783385842
    },
    "rf3257_real_hard.0001": {
        "Colgen/Bhatia": 0.008487326877821071,
        "Colgen/MCF": 0.0020830177245871836
    },
    "rf1755_real_hard.0001": {
        "Colgen/Bhatia": 0.014605167344154707,
        "Colgen/MCF": 0.00394611664267534
    },
    "rf3967_real_hard.0001": {
        "Colgen/Bhatia": 0.01702143394179927,
        "Colgen/MCF": 0.004573786671435858
    },
    "rf1239_real_hard.0004": {
        "Colgen/Bhatia": 0.003982392201985772,
        "Colgen/MCF": 0.000645295032729176
    },
    "rf3257_real_hard.0003": {
        "Colgen/Bhatia": 0.008501311677790209,
        "Colgen/MCF": 0.0020864499697015606
    },
    "rf6461_real_hard.0003": {
        "Colgen/Bhatia": 0.010612764600456568,
        "Colgen/MCF": 0.0019684966597621053
    },
    "rf1239_real_hard.0003": {
        "Colgen/Bhatia": 0.003927315677391504,
        "Colgen/MCF": 0.0006363705958736233
    },
    "rf3967_real_hard.0002": {
        "Colgen/Bhatia": 0.01647911454032268,
        "Colgen/MCF": 0.0044280613900867065
    },
    "rf1221_real_hard.0000": {
        "Colgen/Bhatia": 0.01378486384787729,
        "Colgen/MCF": 0.00474710543105708
    },
    "rf1755_real_hard.0004": {
        "Colgen/Bhatia": 0.016342670685507286,
        "Colgen/MCF": 0.004415566303227124
    },
    "rf1221_real_hard.0002": {
        "Colgen/Bhatia": 0.012412391566611133,
        "Colgen/MCF": 0.004274465969958801
    },
    "rf3967_real_hard.0003": {
        "Colgen/Bhatia": 0.016746165760746758,
        "Colgen/MCF": 0.0044998200513571215
    },
    "rf6461_real_hard.0002": {
        "Colgen/Bhatia": 0.010557571632040744,
        "Colgen/MCF": 0.001958259254330138
    },
    "rf1221_real_hard.0003": {
        "Colgen/Bhatia": 0.012409698684437295,
        "Colgen/MCF": 0.004273538619806221
    },
    "rf3967_real_hard.0000": {
        "Colgen/Bhatia": 0.016729731839489892,
        "Colgen/MCF": 0.004495404133740481
    },
    "rf1239_real_hard.0000": {
        "Colgen/Bhatia": 0.003920639735016441,
        "Colgen/MCF": 0.0006352888459517382
    },
    "rf3257_real_hard.0004": {
        "Colgen/Bhatia": 0.008424877512441649,
        "Colgen/MCF": 0.0020676909748522953
    },
    "rf6461_real_hard.0004": {
        "Colgen/Bhatia": 0.010772594238160725,
        "Colgen/MCF": 0.001998142479658844
    },
    "rf1221_real_hard.0004": {
        "Colgen/Bhatia": 0.013302837938760269,
        "Colgen/MCF": 0.004581109753745258
    },
    "rf3257_real_hard.0002": {
        "Colgen/Bhatia": 0.008901084063114848,
        "Colgen/MCF": 0.002184564838660809
    },
    "rf3967_real_hard.0004": {
        "Colgen/Bhatia": 0.016933101615043612,
        "Colgen/MCF": 0.004550051114246413
    },
    "rf6461_real_hard.0001": {
        "Colgen/Bhatia": 0.01091134322820606,
        "Colgen/MCF": 0.0020238781794253177
    },
    "rf1239_real_hard.0002": {
        "Colgen/Bhatia": 0.003820500599390499,
        "Colgen/MCF": 0.0006190625971234606
    },
    "rf3257_real_hard.0000": {
        "Colgen/Bhatia": 0.008435727788279774,
        "Colgen/MCF": 0.002070353923647932
    },
    "rf1239_real_hard.0001": {
        "Colgen/Bhatia": 0.003974047274016943,
        "Colgen/MCF": 0.0006439428453268195
    },
    "rf1755_real_hard.0000": {
        "Colgen/Bhatia": 0.017035521266364945,
        "Colgen/MCF": 0.004602765062651399
    },
    "rf1755_real_hard.0003": {
        "Colgen/Bhatia": 0.014685052555251377,
        "Colgen/MCF": 0.003967700535114502
    },
    "rf1755_real_hard.0002": {
        "Colgen/Bhatia": 0.01618904527955215,
        "Colgen/MCF": 0.004374058817767196
    }
}