{
    "rf6461_real_hard.0000": {
        "Bhatia": 259.3585036111111
    },
    "rf1221_real_hard.0001": {
        "Bhatia": 67.85855
    },
    "rf3257_real_hard.0001": {
        "Bhatia": 173.2971391666667
    },
    "rf1755_real_hard.0001": {
        "Bhatia": 80.60029999999999
    },
    "rf3967_real_hard.0001": {
        "Bhatia": 4.763980000000001
    },
    "rf1239_real_hard.0004": {
        "Bhatia": 140.43948749999998
    },
    "rf3257_real_hard.0003": {
        "Bhatia": 165.75414
    },
    "rf6461_real_hard.0003": {
        "Bhatia": 283.6045945833333
    },
    "rf1239_real_hard.0003": {
        "Bhatia": 125.03306682440471
    },
    "rf3967_real_hard.0002": {
        "Bhatia": 6.101265
    },
    "rf1221_real_hard.0000": {
        "Bhatia": 1.003989999999999
    },
    "rf1755_real_hard.0004": {
        "Bhatia": 100.506795
    },
    "rf1221_real_hard.0002": {
        "Bhatia": 1.0217849999999973
    },
    "rf3967_real_hard.0003": {
        "Bhatia": 6.100288333333337
    },
    "rf6461_real_hard.0002": {
        "Bhatia": 265.1865998611112
    },
    "rf1221_real_hard.0003": {
        "Bhatia": 75.29590499999999
    },
    "rf3967_real_hard.0000": {
        "Bhatia": 6.101325833333338
    },
    "rf1239_real_hard.0000": {
        "Bhatia": 116.273306360119
    },
    "rf3257_real_hard.0004": {
        "Bhatia": 162.26411083333338
    },
    "rf6461_real_hard.0004": {
        "Bhatia": 268.3816173611111
    },
    "rf1221_real_hard.0004": {
        "Bhatia": 67.08572000000001
    },
    "rf3257_real_hard.0002": {
        "Bhatia": 199.63200499999996
    },
    "rf3967_real_hard.0004": {
        "Bhatia": 6.212604166666669
    },
    "rf6461_real_hard.0001": {
        "Bhatia": 279.9273022222223
    },
    "rf1239_real_hard.0002": {
        "Bhatia": 110.00370002777768
    },
    "rf3257_real_hard.0000": {
        "Bhatia": 176.96200749999994
    },
    "rf1239_real_hard.0001": {
        "Bhatia": 121.0852300029761
    },
    "rf1755_real_hard.0000": {
        "Bhatia": 1.3000237500000011
    },
    "rf1755_real_hard.0003": {
        "Bhatia": 92.2396425
    },
    "rf1755_real_hard.0002": {
        "Bhatia": 97.0723125
    }
}