{
    "rf6461_real_hard.0000": {
        "DEFO": 0.5161790103833334,
        "Bhatia": 0.8257799328333333,
        "CG4SR": 0.5158333333333334,
        "SRLS": 0.5000106088333334
    },
    "rf1221_real_hard.0001": {
        "DEFO": 0.5208103981333334,
        "Bhatia": 0.6493787156833333,
        "CG4SR": 0.47198333333333337,
        "SRLS": 0.5000293304166668
    },
    "rf3257_real_hard.0001": {
        "DEFO": 0.5315329129,
        "Bhatia": 0.9958881860333332,
        "CG4SR": 0.5067333333333334,
        "SRLS": 0.5000133422666666
    },
    "rf1755_real_hard.0001": {
        "DEFO": 0.50887840605,
        "Bhatia": 0.5872186558,
        "CG4SR": 0.25575,
        "SRLS": 0.5000129192833334
    },
    "rf3967_real_hard.0001": {
        "DEFO": 0.5187242353333333,
        "Bhatia": 0.5739327161833333,
        "CG4SR": 0.2825,
        "SRLS": 0.5000131916833334
    },
    "rf1239_real_hard.0004": {
        "DEFO": 0.6850199018333334,
        "Bhatia": 5.526245639433333,
        "CG4SR": 0.5269166666666666,
        "SRLS": 0.5000314280666667
    },
    "rf3257_real_hard.0003": {
        "DEFO": 0.5207762103666667,
        "Bhatia": 0.9817391360999999,
        "CG4SR": 0.5058333333333334,
        "SRLS": 0.50001340715
    },
    "rf6461_real_hard.0003": {
        "DEFO": 0.51669220325,
        "Bhatia": 0.8349696553,
        "CG4SR": 0.5175666666666667,
        "SRLS": 0.5000215932333333
    },
    "rf1239_real_hard.0003": {
        "DEFO": 0.6782474757833333,
        "Bhatia": 5.45696626965,
        "CG4SR": 0.5276666666666666,
        "SRLS": 0.5000170273833333
    },
    "rf3967_real_hard.0002": {
        "DEFO": 0.50424165935,
        "Bhatia": 0.5671983627833335,
        "CG4SR": 0.23915,
        "SRLS": 0.5000363062833333
    },
    "rf1221_real_hard.0000": {
        "DEFO": 0.5082519123,
        "Bhatia": 0.6416725235833333,
        "CG4SR": 0.5147333333333334,
        "SRLS": 0.5000203741
    },
    "rf1755_real_hard.0004": {
        "DEFO": 0.51679642265,
        "Bhatia": 0.5871945866,
        "CG4SR": 0.3452833333333334,
        "SRLS": 0.5000252780166666
    },
    "rf1221_real_hard.0002": {
        "DEFO": 0.5111571684833334,
        "Bhatia": 0.6447154944500001,
        "CG4SR": 0.4547333333333333,
        "SRLS": 0.5000171742833333
    },
    "rf3967_real_hard.0003": {
        "DEFO": 0.5132737072666667,
        "Bhatia": 0.5748679493666666,
        "CG4SR": 0.26453333333333334,
        "SRLS": 0.50001216525
    },
    "rf6461_real_hard.0002": {
        "DEFO": 0.5197729118666667,
        "Bhatia": 0.8206693636666665,
        "CG4SR": 0.5146333333333333,
        "SRLS": 0.5000144001166666
    },
    "rf1221_real_hard.0003": {
        "DEFO": 0.5178419366666667,
        "Bhatia": 0.6453152667333333,
        "CG4SR": 0.4649,
        "SRLS": 0.5000351083333334
    },
    "rf3967_real_hard.0000": {
        "DEFO": 0.5151705629666666,
        "Bhatia": 0.5681219399666666,
        "CG4SR": 0.23426666666666668,
        "SRLS": 0.5000116596333334
    },
    "rf1239_real_hard.0000": {
        "DEFO": 0.6982861236666668,
        "Bhatia": 5.569989862116666,
        "CG4SR": 0.5247999999999999,
        "SRLS": 0.5000149699166667
    },
    "rf3257_real_hard.0004": {
        "DEFO": 0.5206739647833333,
        "Bhatia": 0.9895761959,
        "CG4SR": 0.5264166666666666,
        "SRLS": 0.50002923615
    },
    "rf6461_real_hard.0004": {
        "DEFO": 0.51956335955,
        "Bhatia": 0.8366781591166668,
        "CG4SR": 0.53025,
        "SRLS": 0.5000239019999999
    },
    "rf1221_real_hard.0004": {
        "DEFO": 0.5152074594833334,
        "Bhatia": 0.6443144645833332,
        "CG4SR": 0.5145833333333334,
        "SRLS": 0.50004593525
    },
    "rf3257_real_hard.0002": {
        "DEFO": 0.5255601337833333,
        "Bhatia": 0.9960053907833333,
        "CG4SR": 0.5131333333333333,
        "SRLS": 0.5000316467166667
    },
    "rf3967_real_hard.0004": {
        "DEFO": 0.5124751611666667,
        "Bhatia": 0.5665673963666666,
        "CG4SR": 0.21883333333333335,
        "SRLS": 0.5000140602833334
    },
    "rf6461_real_hard.0001": {
        "DEFO": 0.5201154763666667,
        "Bhatia": 0.8228979054833334,
        "CG4SR": 0.5332666666666667,
        "SRLS": 0.50001237105
    },
    "rf1239_real_hard.0002": {
        "DEFO": 0.6858988221833333,
        "Bhatia": 5.522165936866667,
        "CG4SR": 0.5263333333333333,
        "SRLS": 0.5000119797333333
    },
    "rf3257_real_hard.0000": {
        "DEFO": 0.5207342316333333,
        "Bhatia": 0.9888408631833333,
        "CG4SR": 0.5065666666666666,
        "SRLS": 0.5000144605
    },
    "rf1239_real_hard.0001": {
        "DEFO": 0.6971574208833334,
        "Bhatia": 5.70475144205,
        "CG4SR": 0.5268166666666667,
        "SRLS": 0.50002415435
    },
    "rf1755_real_hard.0000": {
        "DEFO": 0.5050531328333333,
        "Bhatia": 0.6010291611166667,
        "CG4SR": 0.39116666666666666,
        "SRLS": 0.50001054665
    },
    "rf1755_real_hard.0003": {
        "DEFO": 0.5092831541166667,
        "Bhatia": 0.5873160172166666,
        "CG4SR": 0.27166666666666667,
        "SRLS": 0.5000207609999999
    },
    "rf1755_real_hard.0002": {
        "DEFO": 0.5115433625,
        "Bhatia": 0.58652554765,
        "CG4SR": 0.36641666666666667,
        "SRLS": 0.5000242933833333
    }
}