{
    "rf6461_real_hard.0000": {
        "CG4SR": 9.125616250000013
    },
    "rf1221_real_hard.0001": {
        "CG4SR": 0.27956499999999274
    },
    "rf3257_real_hard.0001": {
        "CG4SR": 2.5483383333332776
    },
    "rf1755_real_hard.0001": {
        "CG4SR": 0.1005099999999981
    },
    "rf3967_real_hard.0001": {
        "CG4SR": 1.1640008333333118
    },
    "rf1239_real_hard.0004": {
        "CG4SR": 7.267348631944559
    },
    "rf3257_real_hard.0003": {
        "CG4SR": 3.1513249999999937
    },
    "rf6461_real_hard.0003": {
        "CG4SR": 8.371498680555401
    },
    "rf1239_real_hard.0003": {
        "CG4SR": 8.992138362242308
    },
    "rf3967_real_hard.0002": {
        "CG4SR": 0.30147916666666275
    },
    "rf1221_real_hard.0000": {
        "CG4SR": 0.9814949999999989
    },
    "rf1755_real_hard.0004": {
        "CG4SR": 0.29698000000000224
    },
    "rf1221_real_hard.0002": {
        "CG4SR": 0.09971500000000022
    },
    "rf3967_real_hard.0003": {
        "CG4SR": 0.30121166666666754
    },
    "rf6461_real_hard.0002": {
        "CG4SR": 8.444884055555569
    },
    "rf1221_real_hard.0003": {
        "CG4SR": 0.09589999999999321
    },
    "rf3967_real_hard.0000": {
        "CG4SR": 0.5459300000000056
    },
    "rf1239_real_hard.0000": {
        "CG4SR": 9.382881149267153
    },
    "rf3257_real_hard.0004": {
        "CG4SR": 5.545099166666678
    },
    "rf6461_real_hard.0004": {
        "CG4SR": 6.546123888888866
    },
    "rf1221_real_hard.0004": {
        "CG4SR": 0.11553499999999994
    },
    "rf3257_real_hard.0002": {
        "CG4SR": 2.875424444444419
    },
    "rf3967_real_hard.0004": {
        "CG4SR": 0.5929999999999991
    },
    "rf6461_real_hard.0001": {
        "CG4SR": 6.057386388888886
    },
    "rf1239_real_hard.0002": {
        "CG4SR": 4.599971291666661
    },
    "rf3257_real_hard.0000": {
        "CG4SR": 2.946291666666667
    },
    "rf1239_real_hard.0001": {
        "CG4SR": 9.783361188492323
    },
    "rf1755_real_hard.0000": {
        "CG4SR": 1.4239200000000007
    },
    "rf1755_real_hard.0003": {
        "CG4SR": 0.09840999999999323
    },
    "rf1755_real_hard.0002": {
        "CG4SR": 1.2151041666666695
    }
}