{
    "rf6461_real_hard.0000": {
        "DEFO": [
            2618,
            38.28822273611112
        ],
        "Bhatia": [
            0,
            248.7585036111111
        ],
        "CG4SR": [
            0,
            5.518486319444449
        ],
        "SRLS": [
            9936,
            4.688214166666649
        ]
    },
    "rf1221_real_hard.0001": {
        "DEFO": [
            604,
            3.0021499999999923
        ],
        "Bhatia": [
            0,
            66.95854999999999
        ],
        "CG4SR": [
            0,
            0.1022424999999938
        ],
        "SRLS": [
            1208,
            0.09624999999999773
        ]
    },
    "rf3257_real_hard.0001": {
        "DEFO": [
            953,
            89.61051229166664
        ],
        "Bhatia": [
            0,
            174.29713916666674
        ],
        "CG4SR": [
            0,
            8.202784722222201
        ],
        "SRLS": [
            6929,
            7.768624999999996
        ]
    },
    "rf1755_real_hard.0001": {
        "DEFO": [
            599,
            0.09827999999999504
        ],
        "Bhatia": [
            0,
            79.70029999999998
        ],
        "CG4SR": [
            0,
            0.13594500000000398
        ],
        "SRLS": [
            1042,
            0.1027499999999959
        ]
    },
    "rf3967_real_hard.0001": {
        "DEFO": [
            368,
            2.6991125000000005
        ],
        "Bhatia": [
            5783,
            0.9639799999999976
        ],
        "CG4SR": [
            0,
            0.9688150000000006
        ],
        "SRLS": [
            1428,
            0.9560724999999937
        ]
    },
    "rf1239_real_hard.0004": {
        "DEFO": [
            2803,
            51.37179474999994
        ],
        "Bhatia": [
            0,
            141.4394875
        ],
        "CG4SR": [
            0,
            141.4394875
        ],
        "SRLS": [
            22108,
            1.9908141666666546
        ]
    },
    "rf3257_real_hard.0003": {
        "DEFO": [
            2298,
            17.650767499999997
        ],
        "Bhatia": [
            0,
            166.75414
        ],
        "CG4SR": [
            0,
            8.131963333333248
        ],
        "SRLS": [
            6645,
            7.450208333333341
        ]
    },
    "rf6461_real_hard.0003": {
        "DEFO": [
            2177,
            34.16616222222218
        ],
        "Bhatia": [
            0,
            273.00459458333336
        ],
        "CG4SR": [
            0,
            5.995086249999981
        ],
        "SRLS": [
            9369,
            5.337428333333327
        ]
    },
    "rf1239_real_hard.0003": {
        "DEFO": [
            2535,
            46.19308437499999
        ],
        "Bhatia": [
            0,
            126.03306682440474
        ],
        "CG4SR": [
            0,
            120.71678682440483
        ],
        "SRLS": [
            16347,
            1.9910491666666585
        ]
    },
    "rf3967_real_hard.0002": {
        "DEFO": [
            442,
            1.4857975000000079
        ],
        "Bhatia": [
            5834,
            0.3012650000000061
        ],
        "CG4SR": [
            0,
            0.3313016666666724
        ],
        "SRLS": [
            969,
            0.292807500000003
        ]
    },
    "rf1221_real_hard.0000": {
        "DEFO": [
            534,
            15.66091999999999
        ],
        "Bhatia": [
            10495,
            0.10398999999999825
        ],
        "CG4SR": [
            0,
            0.5701650000000003
        ],
        "SRLS": [
            2142,
            0.09568999999999273
        ]
    },
    "rf1755_real_hard.0004": {
        "DEFO": [
            580,
            14.398960000000006
        ],
        "Bhatia": [
            0,
            99.606795
        ],
        "CG4SR": [
            0,
            0.17638999999999294
        ],
        "SRLS": [
            1598,
            2.7314583333333364
        ]
    },
    "rf1221_real_hard.0002": {
        "DEFO": [
            551,
            0.09734000000000131
        ],
        "Bhatia": [
            10516,
            0.12178499999999648
        ],
        "CG4SR": [
            0,
            0.10266500000000178
        ],
        "SRLS": [
            1037,
            0.09624000000000299
        ]
    },
    "rf3967_real_hard.0003": {
        "DEFO": [
            553,
            1.5910958333333225
        ],
        "Bhatia": [
            5796,
            0.3002883333333428
        ],
        "CG4SR": [
            0,
            0.31100500000000864
        ],
        "SRLS": [
            1428,
            0.4022980555555611
        ]
    },
    "rf6461_real_hard.0002": {
        "DEFO": [
            2387,
            32.689844027777795
        ],
        "Bhatia": [
            0,
            254.5865998611112
        ],
        "CG4SR": [
            0,
            3.4734319444444273
        ],
        "SRLS": [
            8540,
            3.1365529166666573
        ]
    },
    "rf1221_real_hard.0003": {
        "DEFO": [
            512,
            8.464355000000001
        ],
        "Bhatia": [
            0,
            74.395905
        ],
        "CG4SR": [
            0,
            0.1470149999999948
        ],
        "SRLS": [
            1420,
            0.0958449999999944
        ]
    },
    "rf3967_real_hard.0000": {
        "DEFO": [
            501,
            0.5756775000000047
        ],
        "Bhatia": [
            5787,
            0.3013258333333435
        ],
        "CG4SR": [
            0,
            0.3042361111111225
        ],
        "SRLS": [
            1216,
            0.2926345833333399
        ]
    },
    "rf1239_real_hard.0000": {
        "DEFO": [
            2724,
            40.557403819444495
        ],
        "Bhatia": [
            0,
            117.27330636011901
        ],
        "CG4SR": [
            0,
            113.34459636011917
        ],
        "SRLS": [
            16997,
            1.9914316666666654
        ]
    },
    "rf3257_real_hard.0004": {
        "DEFO": [
            1623,
            39.974481666666684
        ],
        "Bhatia": [
            0,
            159.36411083333337
        ],
        "CG4SR": [
            0,
            4.206504999999994
        ],
        "SRLS": [
            8311,
            3.5513075000000005
        ]
    },
    "rf6461_real_hard.0004": {
        "DEFO": [
            2448,
            43.59446688888886
        ],
        "Bhatia": [
            0,
            257.7816173611111
        ],
        "CG4SR": [
            0,
            6.205756111111116
        ],
        "SRLS": [
            9865,
            5.435105625000003
        ]
    },
    "rf1221_real_hard.0004": {
        "DEFO": [
            444,
            16.936155000000007
        ],
        "Bhatia": [
            0,
            66.18572
        ],
        "CG4SR": [
            0,
            0.09983999999999549
        ],
        "SRLS": [
            1575,
            0.09567499999999507
        ]
    },
    "rf3257_real_hard.0002": {
        "DEFO": [
            1486,
            71.87015916666665
        ],
        "Bhatia": [
            0,
            200.632005
        ],
        "CG4SR": [
            0,
            8.117904444444424
        ],
        "SRLS": [
            6910,
            8.09395833333333
        ]
    },
    "rf3967_real_hard.0004": {
        "DEFO": [
            466,
            2.2869699999999993
        ],
        "Bhatia": [
            5796,
            0.41260416666667465
        ],
        "CG4SR": [
            0,
            0.6349274999999932
        ],
        "SRLS": [
            954,
            1.0140312500000026
        ]
    },