{
    "rf6461_real_hard.0000": {
        "Bhatia": [
            0,
            244.8585036111111
        ],
        "CG4SR": [
            0,
            1.6545642777777925
        ]
    },
    "rf1221_real_hard.0001": {
        "Bhatia": [
            10494,
            0.10352000000000139
        ],
        "CG4SR": [
            0,
            0.10377999999999776
        ]
    },
    "rf3257_real_hard.0001": {
        "Bhatia": [
            24984,
            0.656565000000009
        ],
        "CG4SR": [
            0,
            0.9241658333333569
        ]
    },
    "rf1755_real_hard.0001": {
        "Bhatia": [
            7161,
            0.10181000000000218
        ],
        "CG4SR": [
            0,
            0.1624824999999941
        ]
    },
    "rf3967_real_hard.0001": {
        "Bhatia": [
            5783,
            0.9639799999999976
        ],
        "CG4SR": [
            0,
            0.9652916666666678
        ]
    },
    "rf1239_real_hard.0004": {
        "Bhatia": [
            0,
            Infinity
        ],
        "CG4SR": [
            0,
            3.3330657545787457
        ]
    },
    "rf3257_real_hard.0003": {
        "Bhatia": [
            24975,
            0.6579541666666633
        ],
        "CG4SR": [
            0,
            1.4149930555555579
        ]
    },
    "rf6461_real_hard.0003": {
        "Bhatia": [
            0,
            268.1045945833334
        ],
        "CG4SR": [
            0,
            2.1593819444444495
        ]
    },
    "rf1239_real_hard.0003": {
        "Bhatia": [
            0,
            Infinity
        ],
        "CG4SR": [
            0,
            2.7295814583332634
        ]
    },
    "rf3967_real_hard.0002": {
        "Bhatia": [
            5834,
            0.3012650000000061
        ],
        "CG4SR": [
            0,
            0.3402091666666607
        ]
    },
    "rf1221_real_hard.0000": {
        "Bhatia": [
            10495,
            0.10398999999999825
        ],
        "CG4SR": [
            0,
            1.316885000000001
        ]
    },
    "rf1755_real_hard.0004": {
        "Bhatia": [
            7116,
            0.10443749999999863
        ],
        "CG4SR": [
            0,
            0.23114249999999226
        ]
    },
    "rf1221_real_hard.0002": {
        "Bhatia": [
            10330,
            0.09886499999999243
        ],
        "CG4SR": [
            0,
            0.0968049999999887
        ]
    },
    "rf3967_real_hard.0003": {
        "Bhatia": [
            5796,
            0.3002883333333428
        ],
        "CG4SR": [
            0,
            0.30419208333334335
        ]
    },
    "rf6461_real_hard.0002": {
        "Bhatia": [
            18529,
            0.04263916666669143
        ],
        "CG4SR": [
            0,
            1.1769300000000094
        ]
    },
    "rf1221_real_hard.0003": {
        "Bhatia": [
            10404,
            0.09808000000000039
        ],
        "CG4SR": [
            0,
            0.0975749999999942
        ]
    },
    "rf3967_real_hard.0000": {
        "Bhatia": [
            5787,
            0.3013258333333435
        ],
        "CG4SR": [
            0,
            0.3051652777777636
        ]
    },
    "rf1239_real_hard.0000": {
        "Bhatia": [
            0,
            115.373306360119
        ],
        "CG4SR": [
            0,
            2.835481234432069
        ]
    },
    "rf3257_real_hard.0004": {
        "Bhatia": [
            25042,
            0.657423333333329
        ],
        "CG4SR": [
            0,
            0.9634724999999733
        ]
    },
    "rf6461_real_hard.0004": {
        "Bhatia": [
            0,
            253.8816173611111
        ],
        "CG4SR": [
            0,
            1.6447784722222414
        ]
    },
    "rf1221_real_hard.0004": {
        "Bhatia": [
            10431,
            0.0985649999999949
        ],
        "CG4SR": [
            0,
            0.14022999999999675
        ]
    },
    "rf3257_real_hard.0002": {
        "Bhatia": [
            24937,
            0.6567375000000042
        ],
        "CG4SR": [
            0,
            0.9678999999999993
        ]
    },
    "rf3967_real_hard.0004": {
        "Bhatia": [
            5796,
            0.41260416666667465
        ],
        "CG4SR": [
            0,
            0.41206250000001
        ]
    },
    "rf6461_real_hard.0001": {
        "Bhatia": [
            18508,
            0.5197555555555677
        ],
        "CG4SR": [
            0,
            1.2499483333333172
        ]
    },
    "rf1239_real_hard.0002": {
        "Bhatia": [
            0,
            Infinity
        ],
        "CG4SR": [
            0,
            1.4180872678571266
        ]
    },
    "rf3257_real_hard.0000": {
        "Bhatia": [
            24923,
            0.6571800000000017
        ],
        "CG4SR": [
            0,
            0.8410197916666862
        ]
    },
    "rf1239_real_hard.0001": {
        "Bhatia": [
            0,
            120.18523000297611
        ],
        "CG4SR": [
            0,
            4.181375306372493
        ]
    },
    "rf1755_real_hard.0000": {
        "Bhatia": [
            7100,
            0.10704166666666293
        ],
        "CG4SR": [
            0,
            0.5308533333333032
        ]
    },
    "rf1755_real_hard.0003": {
        "Bhatia": [
            7130,
            0.10587499999999972
        ],
        "CG4SR": [
            0,
            0.10945958333334893
        ]
    },
    "rf1755_real_hard.0002": {
        "Bhatia": [
            7142,
            0.10731749999999263
        ],
        "CG4SR": [
            0,
            0.4382474999999997
        ]
    }
}