{
    "rf6461_real_hard.0000": {
        "Bhatia": 120.62015915823334,
        "CG4SR": 10.656816666666668,
        "MCF": 391.03145,
        "MCFP": 0.05713277451666667
    },
    "rf1221_real_hard.0001": {
        "Bhatia": 7.9209670222333335,
        "CG4SR": 0.3968666666666667,
        "MCF": 0.9678666666666667,
        "MCFP": 0.005554028700000001
    },
    "rf3257_real_hard.0001": {
        "Bhatia": 72.29793804275002,
        "CG4SR": 6.272083333333333,
        "MCF": 119.33886666666668,
        "MCFP": 0.05865570123333332
    },
    "rf1755_real_hard.0001": {
        "Bhatia": 12.259300827766666,
        "CG4SR": 0.19688333333333333,
        "MCF": 3.9107166666666666,
        "MCFP": 0.007121233983333334
    },
    "rf3967_real_hard.0001": {
        "Bhatia": 2.836900721816667,
        "CG4SR": 0.24035,
        "MCF": 3.1963333333333335,
        "MCFP": 0.0079182326
    },
    "rf1239_real_hard.0004": {
        "Bhatia": Infinity,
        "CG4SR": 127.52506666666666,
        "MCF": Infinity,
        "MCFP": 0.72601871385
    },
    "rf3257_real_hard.0003": {
        "Bhatia": 87.4719363676,
        "CG4SR": 5.836616666666667,
        "MCF": 115.28214999999999,
        "MCFP": 0.04460670546666667
    },
    "rf6461_real_hard.0003": {
        "Bhatia": 120.34441463106667,
        "CG4SR": 9.368366666666667,
        "MCF": 750.3415833333333,
        "MCFP": 0.0519427317
    },
    "rf1239_real_hard.0003": {
        "Bhatia": Infinity,
        "CG4SR": 74.77811666666666,
        "MCF": Infinity,
        "MCFP": 0.5755817625666666
    },
    "rf3967_real_hard.0002": {
        "Bhatia": 4.228274968233333,
        "CG4SR": 0.17746666666666666,
        "MCF": 3.7216,
        "MCFP": 0.007360989899999999
    },
    "rf1221_real_hard.0000": {
        "Bhatia": 5.015398460516667,
        "CG4SR": 0.6327166666666667,
        "MCF": 1.0522833333333332,
        "MCFP": 0.0051323057
    },
    "rf1755_real_hard.0004": {
        "Bhatia": 8.558148292333334,
        "CG4SR": 0.35078333333333334,
        "MCF": 6.741216666666666,
        "MCFP": 0.008009502766666668
    },
    "rf1221_real_hard.0002": {
        "Bhatia": 5.220868533600001,
        "CG4SR": 0.3525,
        "MCF": 0.8736166666666667,
        "MCFP": 0.005077983083333334
    },
    "rf3967_real_hard.0003": {
        "Bhatia": 4.747861167866666,
        "CG4SR": 0.23713333333333333,
        "MCF": 3.9270833333333335,
        "MCFP": 0.008706794066666667
    },
    "rf6461_real_hard.0002": {
        "Bhatia": 31.774267970433336,
        "CG4SR": 7.7233,
        "MCF": 222.10228333333333,
        "MCFP": 0.06368269646666667
    },
    "rf1221_real_hard.0003": {
        "Bhatia": 5.533048574416667,
        "CG4SR": 0.4275,
        "MCF": 0.8463333333333334,
        "MCFP": 0.005112376433333333
    },
    "rf3967_real_hard.0000": {
        "Bhatia": 4.424860985083333,
        "CG4SR": 0.22153333333333333,
        "MCF": 4.980483333333334,
        "MCFP": 0.007195421566666666
    },
    "rf1239_real_hard.0000": {
        "Bhatia": 123.7460595566,
        "CG4SR": 93.02556666666666,
        "MCF": Infinity,
        "MCFP": 0.8679140384666666
    },
    "rf3257_real_hard.0004": {
        "Bhatia": 98.37716002038333,
        "CG4SR": 6.855266666666666,
        "MCF": 465.2766833333333,
        "MCFP": 0.0419919426
    },
    "rf6461_real_hard.0004": {
        "Bhatia": 120.32521053363334,
        "CG4SR": 10.9482,
        "MCF": 404.7164333333333,
        "MCFP": 0.05464469018333333
    },
    "rf1221_real_hard.0004": {
        "Bhatia": 8.566371240383335,
        "CG4SR": 0.5084,
        "MCF": 1.0400999999999998,
        "MCFP": 0.005510004383333334
    },
    "rf3257_real_hard.0002": {
        "Bhatia": 78.56740195111666,
        "CG4SR": 8.396016666666666,
        "MCF": 106.05526666666667,
        "MCFP": 0.04852264661666667
    },
    "rf3967_real_hard.0004": {
        "Bhatia": 3.2542745190166666,
        "CG4SR": 0.19440000000000002,
        "MCF": 4.495816666666666,
        "MCFP": 0.00735442975
    },
    "rf6461_real_hard.0001": {
        "Bhatia": 26.940985718283333,
        "CG4SR": 8.648633333333333,
        "MCF": 583.7269333333334,
        "MCFP": 0.08076029041666667
    },
    "rf1239_real_hard.0002": {
        "Bhatia": Infinity,
        "CG4SR": 79.14185,
        "MCF": Infinity,
        "MCFP": 0.8434318259666667
    },
    "rf3257_real_hard.0000": {
        "Bhatia": 83.88078490015,
        "CG4SR": 5.835333333333333,
        "MCF": 98.30064999999999,
        "MCFP": 0.03894182276666667
    },
    "rf1239_real_hard.0001": {
        "Bhatia": 123.71915025201668,
        "CG4SR": 96.1046,
        "MCF": Infinity,
        "MCFP": 0.7129515061
    },
    "rf1755_real_hard.0000": {
        "Bhatia": 5.541567681166666,
        "CG4SR": 0.43678333333333336,
        "MCF": 9.338583333333334,
        "MCFP": 0.008327893749999999
    },
    "rf1755_real_hard.0003": {
        "Bhatia": 11.716844727799998,
        "CG4SR": 0.2237333333333333,
        "MCF": 3.09925,
        "MCFP": 0.0067685346500000005
    },
    "rf1755_real_hard.0002": {
        "Bhatia": 7.3497367489666665,
        "CG4SR": 0.35451666666666665,
        "MCF": 7.492066666666666,
        "MCFP": 0.008736011100000001
    }
}