{
    "rf6461_real_hard.0000": {
        "Bhatia": 120.62015915823334,
        "CG4SR": 5.506183333333333
    },
    "rf1221_real_hard.0001": {
        "Bhatia": 7.9209670222333335,
        "CG4SR": 0.5603666666666667
    },
    "rf3257_real_hard.0001": {
        "Bhatia": 72.29793804275002,
        "CG4SR": 9.801549999999999
    },
    "rf1755_real_hard.0001": {
        "Bhatia": 12.259300827766666,
        "CG4SR": 0.2921666666666667
    },
    "rf3967_real_hard.0001": {
        "Bhatia": 2.836900721816667,
        "CG4SR": 0.28018333333333334
    },
    "rf1239_real_hard.0004": {
        "Bhatia": Infinity,
        "CG4SR": 221.22988333333333
    },
    "rf3257_real_hard.0003": {
        "Bhatia": 87.4719363676,
        "CG4SR": 8.901266666666666
    },
    "rf6461_real_hard.0003": {
        "Bhatia": 120.34441463106667,
        "CG4SR": 5.442433333333334
    },
    "rf1239_real_hard.0003": {
        "Bhatia": Infinity,
        "CG4SR": 156.47843333333333
    },
    "rf3967_real_hard.0002": {
        "Bhatia": 4.228274968233333,
        "CG4SR": 0.2481
    },
    "rf1221_real_hard.0000": {
        "Bhatia": 5.015398460516667,
        "CG4SR": 0.71065
    },
    "rf1755_real_hard.0004": {
        "Bhatia": 8.558148292333334,
        "CG4SR": 0.43871666666666664
    },
    "rf1221_real_hard.0002": {
        "Bhatia": 5.220868533600001,
        "CG4SR": 0.5294166666666666
    },
    "rf3967_real_hard.0003": {
        "Bhatia": 4.747861167866666,
        "CG4SR": 0.2764166666666667
    },
    "rf6461_real_hard.0002": {
        "Bhatia": 31.774267970433336,
        "CG4SR": 5.3864
    },
    "rf1221_real_hard.0003": {
        "Bhatia": 5.533048574416667,
        "CG4SR": 0.5450666666666667
    },
    "rf3967_real_hard.0000": {
        "Bhatia": 4.424860985083333,
        "CG4SR": 0.2789333333333333
    },
    "rf1239_real_hard.0000": {
        "Bhatia": 123.7460595566,
        "CG4SR": 200.60803333333334
    },
    "rf3257_real_hard.0004": {
        "Bhatia": 98.37716002038333,
        "CG4SR": 9.4558
    },
    "rf6461_real_hard.0004": {
        "Bhatia": 120.32521053363334,
        "CG4SR": 5.4221
    },
    "rf1221_real_hard.0004": {
        "Bhatia": 8.566371240383335,
        "CG4SR": 0.70645
    },
    "rf3257_real_hard.0002": {
        "Bhatia": 78.56740195111666,
        "CG4SR": 9.595466666666667
    },
    "rf3967_real_hard.0004": {
        "Bhatia": 3.2542745190166666,
        "CG4SR": 0.26789999999999997
    },
    "rf6461_real_hard.0001": {
        "Bhatia": 26.940985718283333,
        "CG4SR": 4.887316666666667
    },
    "rf1239_real_hard.0002": {
        "Bhatia": Infinity,
        "CG4SR": 172.9674
    },
    "rf3257_real_hard.0000": {
        "Bhatia": 83.88078490015,
        "CG4SR": 10.563333333333334
    },
    "rf1239_real_hard.0001": {
        "Bhatia": 123.71915025201668,
        "CG4SR": 189.03378333333333
    },
    "rf1755_real_hard.0000": {
        "Bhatia": 5.541567681166666,
        "CG4SR": 0.47931666666666667
    },
    "rf1755_real_hard.0003": {
        "Bhatia": 11.716844727799998,
        "CG4SR": 0.32061666666666666
    },
    "rf1755_real_hard.0002": {
        "Bhatia": 7.3497367489666665,
        "CG4SR": 0.4539166666666667
    }
}