{
    "rf6461_real_hard.0000": {
        "Colgen/Bhatia": 0.010742698046935487,
        "Colgen/MCF": 0.0019925972183831952
    },
    "rf1221_real_hard.0001": {
        "Colgen/Bhatia": 0.012649365197908886,
        "Colgen/MCF": 0.004356072783385842
    },
    "rf3257_real_hard.0001": {
        "Colgen/Bhatia": 0.008540131553566607,
        "Colgen/MCF": 0.002095977408725951
    },
    "rf1755_real_hard.0001": {
        "Colgen/Bhatia": 0.014503774576224317,
        "Colgen/MCF": 0.003918721702271788
    },
    "rf3967_real_hard.0001": {
        "Colgen/Bhatia": 0.016674267355247966,
        "Colgen/MCF": 0.004480500411784318
    },
    "rf1239_real_hard.0004": {
        "Colgen/Bhatia": 0.0032413625983538025,
        "Colgen/MCF": 0.0005252207913999217
    },
    "rf3257_real_hard.0003": {
        "Colgen/Bhatia": 0.008497936036418349,
        "Colgen/MCF": 0.002085621496742918
    },
    "rf6461_real_hard.0003": {
        "Colgen/Bhatia": 0.01055028922648588,
        "Colgen/MCF": 0.0019569084855578646
    },
    "rf1239_real_hard.0003": {
        "Colgen/Bhatia": 0.0032914321661667734,
        "Colgen/MCF": 0.0005333339158140605
    },
    "rf3967_real_hard.0002": {
        "Colgen/Bhatia": 0.016596206229277852,
        "Colgen/MCF": 0.0044595248031052736
    },
    "rf1221_real_hard.0000": {
        "Colgen/Bhatia": 0.013908736427873844,
        "Colgen/MCF": 0.004789763538075761
    },
    "rf1755_real_hard.0004": {
        "Colgen/Bhatia": 0.01629965557183985,
        "Colgen/MCF": 0.004403944207298344
    },
    "rf1221_real_hard.0002": {
        "Colgen/Bhatia": 0.012366612569655886,
        "Colgen/MCF": 0.00425870101736494
    },
    "rf3967_real_hard.0003": {
        "Colgen/Bhatia": 0.016908450733158314,
        "Colgen/MCF": 0.004543427237821451
    },
    "rf6461_real_hard.0002": {
        "Colgen/Bhatia": 0.010628862549577851,
        "Colgen/MCF": 0.0019714825696797627
    },
    "rf1221_real_hard.0003": {
        "Colgen/Bhatia": 0.012363919687482048,
        "Colgen/MCF": 0.00425777366721236
    },
    "rf3967_real_hard.0000": {
        "Colgen/Bhatia": 0.016618802871006044,
        "Colgen/MCF": 0.004465596689828154
    },
    "rf1239_real_hard.0000": {
        "Colgen/Bhatia": 0.003244700569541334,
        "Colgen/MCF": 0.0005257616663608643
    },
    "rf3257_real_hard.0004": {
        "Colgen/Bhatia": 0.008452847112379924,
        "Colgen/MCF": 0.0020745554650810484
    },
    "rf6461_real_hard.0004": {
        "Colgen/Bhatia": 0.010653392757762661,
        "Colgen/MCF": 0.001976032527649526
    },
    "rf1221_real_hard.0004": {
        "Colgen/Bhatia": 0.013396191187453324,
        "Colgen/MCF": 0.004613257892368032
    },
    "rf3257_real_hard.0002": {
        "Colgen/Bhatia": 0.008700956753211682,
        "Colgen/MCF": 0.0021354482275412817
    },
    "rf3967_real_hard.0004": {
        "Colgen/Bhatia": 0.016822172646559764,
        "Colgen/MCF": 0.004520243670334086
    },
    "rf6461_real_hard.0001": {
        "Colgen/Bhatia": 0.010887579589027025,
        "Colgen/MCF": 0.0020194704076421095
    },
    "rf1239_real_hard.0002": {
        "Colgen/Bhatia": 0.0032580524542914595,
        "Colgen/MCF": 0.0005279251662046346
    },
    "rf3257_real_hard.0000": {
        "Colgen/Bhatia": 0.008385334284942711,
        "Colgen/MCF": 0.0020579860059081957
    },
    "rf1239_real_hard.0001": {
        "Colgen/Bhatia": 0.003254714483103928,
        "Colgen/MCF": 0.000527384291243692
    },
    "rf1755_real_hard.0000": {
        "Colgen/Bhatia": 0.016700617881382752,
        "Colgen/MCF": 0.004512278744348756
    },
    "rf1755_real_hard.0003": {
        "Colgen/Bhatia": 0.014677371284953621,
        "Colgen/MCF": 0.003965625160841506
    },
    "rf1755_real_hard.0002": {
        "Colgen/Bhatia": 0.016239741663517347,
        "Colgen/MCF": 0.004387756287968972
    }
}