{
    "rf6461_real_hard.0000": {
        "CG4SR": 1.6545642777777925
    },
    "rf1221_real_hard.0001": {
        "CG4SR": 0.10377999999999776
    },
    "rf3257_real_hard.0001": {
        "CG4SR": 0.9241658333333569
    },
    "rf1755_real_hard.0001": {
        "CG4SR": 0.1624824999999941
    },
    "rf3967_real_hard.0001": {
        "CG4SR": 0.9652916666666678
    },
    "rf1239_real_hard.0004": {
        "CG4SR": 3.3330657545787457
    },
    "rf3257_real_hard.0003": {
        "CG4SR": 1.4149930555555579
    },
    "rf6461_real_hard.0003": {
        "CG4SR": 2.1593819444444495
    },
    "rf1239_real_hard.0003": {
        "CG4SR": 2.7295814583332634
    },
    "rf3967_real_hard.0002": {
        "CG4SR": 0.3402091666666607
    },
    "rf1221_real_hard.0000": {
        "CG4SR": 1.316885000000001
    },
    "rf1755_real_hard.0004": {
        "CG4SR": 0.23114249999999226
    },
    "rf1221_real_hard.0002": {
        "CG4SR": 0.0968049999999887
    },
    "rf3967_real_hard.0003": {
        "CG4SR": 0.30419208333334335
    },
    "rf6461_real_hard.0002": {
        "CG4SR": 1.1769300000000094
    },
    "rf1221_real_hard.0003": {
        "CG4SR": 0.0975749999999942
    },
    "rf3967_real_hard.0000": {
        "CG4SR": 0.3051652777777636
    },
    "rf1239_real_hard.0000": {
        "CG4SR": 2.835481234432069
    },
    "rf3257_real_hard.0004": {
        "CG4SR": 0.9634724999999733
    },
    "rf6461_real_hard.0004": {
        "CG4SR": 1.6447784722222414
    },
    "rf1221_real_hard.0004": {
        "CG4SR": 0.14022999999999675
    },
    "rf3257_real_hard.0002": {
        "CG4SR": 0.9678999999999993
    },
    "rf3967_real_hard.0004": {
        "CG4SR": 0.41206250000001
    },
    "rf6461_real_hard.0001": {
        "CG4SR": 1.2499483333333172
    },
    "rf1239_real_hard.0002": {
        "CG4SR": 1.4180872678571266
    },
    "rf3257_real_hard.0000": {
        "CG4SR": 0.8410197916666862
    },
    "rf1239_real_hard.0001": {
        "CG4SR": 4.181375306372493
    },
    "rf1755_real_hard.0000": {
        "CG4SR": 0.5308533333333032
    },
    "rf1755_real_hard.0003": {
        "CG4SR": 0.10945958333334893
    },
    "rf1755_real_hard.0002": {
        "CG4SR": 0.4382474999999997
    }
}