{
    "rf6461_real_hard.0000": {
        "Bhatia": 1.3136494162
    },
    "rf1221_real_hard.0001": {
        "Bhatia": 1.1391671449833334
    },
    "rf3257_real_hard.0001": {
        "Bhatia": 1.50898005105
    },
    "rf1755_real_hard.0001": {
        "Bhatia": 1.0891128863500001
    },
    "rf3967_real_hard.0001": {
        "Bhatia": 1.071202991
    },
    "rf1239_real_hard.0004": {
        "Bhatia": 5.334885313100001
    },
    "rf3257_real_hard.0003": {
        "Bhatia": 1.550247138
    },
    "rf6461_real_hard.0003": {
        "Bhatia": 1.30739477115
    },
    "rf1239_real_hard.0003": {
        "Bhatia": 5.34973942
    },
    "rf3967_real_hard.0002": {
        "Bhatia": 1.0730212504
    },
    "rf1221_real_hard.0000": {
        "Bhatia": 1.146194293083333
    },
    "rf1755_real_hard.0004": {
        "Bhatia": 1.0860216259833335
    },
    "rf1221_real_hard.0002": {
        "Bhatia": 1.1374553663166667
    },
    "rf3967_real_hard.0003": {
        "Bhatia": 1.07202582925
    },
    "rf6461_real_hard.0002": {
        "Bhatia": 1.3123517624500003
    },
    "rf1221_real_hard.0003": {
        "Bhatia": 1.1414358155166666
    },
    "rf3967_real_hard.0000": {
        "Bhatia": 1.0769212497833334
    },
    "rf1239_real_hard.0000": {
        "Bhatia": 5.500367149516666
    },
    "rf3257_real_hard.0004": {
        "Bhatia": 2.760687591633333
    },
    "rf6461_real_hard.0004": {
        "Bhatia": 1.3121196330833333
    },
    "rf1221_real_hard.0004": {
        "Bhatia": 1.1428852145166668
    },
    "rf3257_real_hard.0002": {
        "Bhatia": 1.5052944108166666
    },
    "rf3967_real_hard.0004": {
        "Bhatia": 1.0680007931000002
    },
    "rf6461_real_hard.0001": {
        "Bhatia": 1.3240723140333333
    },
    "rf1239_real_hard.0002": {
        "Bhatia": 5.388172796066667
    },
    "rf3257_real_hard.0000": {
        "Bhatia": 1.5130301334166665
    },
    "rf1239_real_hard.0001": {
        "Bhatia": 5.42359306945
    },
    "rf1755_real_hard.0000": {
        "Bhatia": 1.0985173884833332
    },
    "rf1755_real_hard.0003": {
        "Bhatia": 1.0875350363833334
    },
    "rf1755_real_hard.0002": {
        "Bhatia": 1.0868257782166666
    }
}