{
    "initialCoverSize": 49,
    "times": [
        1423052,
        2400821,
        3349456,
        4318735,
        5181430,
        6426941,
        7941241,
        9540968,
        10706797,
        11574961,
        12528436,
        13456185,
        14510674,
        15630239,
        16721217,
        17713231,
        18680616,
        19650073,
        20650179,
        21562925,
        22507923,
        24257661,
        25766863,
        26970344,
        27910480
    ],
    "finalCoverSize": 15,
    "minSegCycles": [
        "0_PD 1_MI 0_PD 0_PD",
        "0_PD 3_TS 0_PD 0_PD",
        "0_PD 6_TO 0_PD 0_PD",
        "0_PD 7_GE 0_PD 0_PD",
        "0_PD 11_MI 0_PD 0_PD",
        "0_PD 1_MI 2_PA 0_PD",
        "0_PD 16_Ten155 0_PD 0_PD",
        "0_PD 17_USA 0_PD 0_PD",
        "0_PD 1_MI 12_RM 0_PD",
        "0_PD 4_FI 0_PD 0_PD",
        "0_PD 8_BO 0_PD 0_PD",
        "0_PD 10_EsNet 0_PD 0_PD",
        "0_PD 2_PA 0_PD 0_PD",
        "0_PD 15_PI 0_PD 0_PD",
        "0_PD 12_RM 0_PD 0_PD",
        "0_PD 9_NA 0_PD 0_PD",
        "0_PD 2_PA 1_MI 0_PD",
        "0_PD 14_CT 0_PD 0_PD",
        "0_PD 2_PA 12_RM 0_PD",
        "0_PD 22_BA 0_PD 0_PD",
        "0_PD 18_CA 0_PD 0_PD",
        "0_PD 12_RM 1_MI 0_PD",
        "0_PD 12_RM 2_PA 0_PD",
        "0_PD 20_AQ 0_PD 0_PD",
        "0_PD 21_FRA 0_PD 0_PD",
        "0_PD 9_NA 3_TS 0_PD",
        "0_PD 14_CT 6_TO 0_PD",
        "0_PD 18_CA 3_TS 0_PD",
        "0_PD 20_AQ 7_GE 0_PD",
        "0_PD 11_MI 9_NA 0_PD",
        "0_PD 18_CA 9_NA 0_PD",
        "0_PD 20_AQ 14_CT 0_PD",
        "0_PD 3_TS 21_FRA 0_PD",
        "0_PD 6_TO 4_FI 0_PD",
        "0_PD 22_BA 7_GE 0_PD",
        "0_PD 11_MI 18_CA 0_PD",
        "0_PD 22_BA 18_CA 0_PD",
        "0_PD 21_FRA 11_MI 0_PD",
        "0_PD 16_Ten155 2_PA 0_PD",
        "0_PD 8_BO 4_FI 0_PD",
        "0_PD 12_RM 10_EsNet 0_PD",
        "0_PD 6_TO 3_TS 0_PD",
        "0_PD 15_PI 10_EsNet 0_PD",
        "0_PD 16_Ten155 12_RM 0_PD",
        "0_PD 10_EsNet 7_GE 0_PD",
        "0_PD 15_PI 7_GE 0_PD",
        "0_PD 17_USA 2_PA 0_PD",
        "0_PD 9_NA 20_AQ 0_PD",
        "0_PD 16_Ten155 11_MI 0_PD"
    ],
    "values": [
        22,
        20,
        19,
        18,
        17,
        15,
        15,
        15,
        13,
        13,
        12,
        12,
        12,
        12,
        11.666666666666668,
        11,
        11,
        10.666666666666666,
        10,
        9.5,
        9.5,
        9.5,
        9.25,
        9,
        9
    ],
    "initialCoverSeg": 4,
    "greedyCoverSize": 11,
    "runtime": 38717258,
    "lpBound": 9,
    "lpSolution": [
        {
            "x": 0,
            "cycle": "0_PD 1_MI 0_PD 0_PD"
        },
        {
            "x": 0,
            "cycle": "0_PD 3_TS 0_PD 0_PD"
        },
        {
            "x": 0,
            "cycle": "0_PD 6_TO 0_PD 0_PD"
        },
        {
            "x": 0,
            "cycle": "0_PD 7_GE 0_PD 0_PD"
        },
        {
            "x": 0,
            "cycle": "0_PD 11_MI 0_PD 0_PD"
        },
        {
            "x": 0,
            "cycle": "0_PD 1_MI 2_PA 0_PD"
        },
        {
            "x": 0,
            "cycle": "0_PD 16_Ten155 0_PD 0_PD"
        },
        {
            "x": 0,
            "cycle": "0_PD 17_USA 0_PD 0_PD"
        },
        {
            "x": 0,
            "cycle": "0_PD 1_MI 12_RM 0_PD"
        },
        {
            "x": 0,
            "cycle": "0_PD 4_FI 0_PD 0_PD"
        },
        {
            "x": 0,
            "cycle": "0_PD 8_BO 0_PD 0_PD"
        },
        {
            "x": 0,
            "cycle": "0_PD 10_EsNet 0_PD 0_PD"
        },
        {
            "x": 0,
            "cycle": "0_PD 2_PA 0_PD 0_PD"
        },
        {
            "x": 0,
            "cycle": "0_PD 15_PI 0_PD 0_PD"
        },
        {
            "x": 0,
            "cycle": "0_PD 12_RM 0_PD 0_PD"
        },
        {
            "x": 0,
            "cycle": "0_PD 9_NA 0_PD 0_PD"
        },
        {
            "x": 0,
            "cycle": "0_PD 2_PA 1_MI 0_PD"
        },
        {
            "x": 0,
            "cycle": "0_PD 14_CT 0_PD 0_PD"
        },
        {
            "x": 0,
            "cycle": "0_PD 2_PA 12_RM 0_PD"
        },
        {
            "x": 0,
            "cycle": "0_PD 22_BA 0_PD 0_PD"
        },
        {
            "x": 0,
            "cycle": "0_PD 18_CA 0_PD 0_PD"
        },
        {
            "x": 0,
            "cycle": "0_PD 12_RM 1_MI 0_PD"
        },
        {
            "x": 0,
            "cycle": "0_PD 12_RM 2_PA 0_PD"
        },
        {
            "x": 0,
            "cycle": "0_PD 20_AQ 0_PD 0_PD"
        },
        {
            "x": 0,
            "cycle": "0_PD 21_FRA 0_PD 0_PD"
        },
        {
            "x": 0.33333333333333326,
            "cycle": "0_PD 9_NA 3_TS 0_PD"
        },
        {
            "x": 0.33333333333333337,
            "cycle": "0_PD 14_CT 6_TO 0_PD"
        },
        {
            "x": 0,
            "cycle": "0_PD 18_CA 3_TS 0_PD"
        },
        {
            "x": 0,
            "cycle": "0_PD 20_AQ 7_GE 0_PD"
        },
        {
            "x": 0,
            "cycle": "0_PD 11_MI 9_NA 0_PD"
        },
        {
            "x": 0.3333333333333333,
            "cycle": "0_PD 18_CA 9_NA 0_PD"
        },
        {
            "x": 0.6666666666666666,
            "cycle": "0_PD 20_AQ 14_CT 0_PD"
        },
        {
            "x": 0,
            "cycle": "0_PD 3_TS 21_FRA 0_PD"
        },
        {
            "x": 0,
            "cycle": "0_PD 6_TO 4_FI 0_PD"
        },
        {
            "x": 0.33333333333333337,
            "cycle": "0_PD 22_BA 7_GE 0_PD"
        },
        {
            "x": 0,
            "cycle": "0_PD 11_MI 18_CA 0_PD"
        },
        {
            "x": 0.6666666666666666,
            "cycle": "0_PD 22_BA 18_CA 0_PD"
        },
        {
            "x": 1,
            "cycle": "0_PD 21_FRA 11_MI 0_PD"
        },
        {
            "x": 0,
            "cycle": "0_PD 16_Ten155 2_PA 0_PD"
        },
        {
            "x": 1,
            "cycle": "0_PD 8_BO 4_FI 0_PD"
        },
        {
            "x": 0,
            "cycle": "0_PD 12_RM 10_EsNet 0_PD"
        },
        {
            "x": 0.6666666666666666,
            "cycle": "0_PD 6_TO 3_TS 0_PD"
        },
        {
            "x": 0.6666666666666667,
            "cycle": "0_PD 15_PI 10_EsNet 0_PD"
        },
        {
            "x": 0.9999999999999998,
            "cycle": "0_PD 16_Ten155 12_RM 0_PD"
        },
        {
            "x": 0.33333333333333326,
            "cycle": "0_PD 10_EsNet 7_GE 0_PD"
        },
        {
            "x": 0.3333333333333333,
            "cycle": "0_PD 15_PI 7_GE 0_PD"
        },
        {
            "x": 1,
            "cycle": "0_PD 17_USA 2_PA 0_PD"
        },
        {
            "x": 0.33333333333333337,
            "cycle": "0_PD 9_NA 20_AQ 0_PD"
        },
        {
            "x": 0,
            "cycle": "0_PD 16_Ten155 11_MI 0_PD"
        }
    ],
    "greedySolution": [
        "0_PD 2_PA 12_RM 0_PD",
        "0_PD 18_CA 3_TS 0_PD",
        "0_PD 11_MI 9_NA 0_PD",
        "0_PD 20_AQ 14_CT 0_PD",
        "0_PD 3_TS 21_FRA 0_PD",
        "0_PD 6_TO 4_FI 0_PD",
        "0_PD 22_BA 7_GE 0_PD",
        "0_PD 8_BO 4_FI 0_PD",
        "0_PD 15_PI 10_EsNet 0_PD",
        "0_PD 16_Ten155 12_RM 0_PD",
        "0_PD 17_USA 2_PA 0_PD"
    ]
}