{
    "initialCoverSize": 48,
    "times": [
        1446410,
        2397630,
        3345618,
        4250641,
        5176176,
        6068966,
        6974012,
        7920869,
        8832115,
        9747660,
        10678695,
        11635625,
        12676534,
        13675650,
        14632317,
        15738304,
        16750910,
        17742199,
        18807106,
        19712950,
        20662122,
        21600637,
        22614556,
        23595467
    ],
    "finalCoverSize": 18,
    "minSegCycles": [
        "0_PD 1_MI 0_PD 0_PD",
        "0_PD 3_TS 0_PD 0_PD",
        "0_PD 6_TO 0_PD 0_PD",
        "0_PD 7_GE 0_PD 0_PD",
        "0_PD 11_MI 0_PD 0_PD",
        "0_PD 1_MI 2_PA 0_PD",
        "0_PD 16_Ten155 0_PD 0_PD",
        "0_PD 17_USA 0_PD 0_PD",
        "0_PD 1_MI 12_RM 0_PD",
        "0_PD 4_FI 0_PD 0_PD",
        "0_PD 8_BO 0_PD 0_PD",
        "0_PD 2_PA 0_PD 0_PD",
        "0_PD 15_PI 0_PD 0_PD",
        "0_PD 12_RM 0_PD 0_PD",
        "0_PD 9_NA 0_PD 0_PD",
        "0_PD 10_USA 0_PD 0_PD",
        "0_PD 2_PA 1_MI 0_PD",
        "0_PD 14_CT 0_PD 0_PD",
        "0_PD 2_PA 12_RM 0_PD",
        "0_PD 22_BA 0_PD 0_PD",
        "0_PD 18_CA 0_PD 0_PD",
        "0_PD 12_RM 1_MI 0_PD",
        "0_PD 12_RM 2_PA 0_PD",
        "0_PD 20_AQ 0_PD 0_PD",
        "0_PD 21_FRA 0_PD 0_PD",
        "0_PD 9_NA 3_TS 0_PD",
        "0_PD 10_USA 6_TO 0_PD",
        "0_PD 18_CA 3_TS 0_PD",
        "0_PD 20_AQ 7_GE 0_PD",
        "0_PD 11_MI 9_NA 0_PD",
        "0_PD 18_CA 9_NA 0_PD",
        "0_PD 20_AQ 10_USA 0_PD",
        "0_PD 21_FRA 14_CT 0_PD",
        "0_PD 6_TO 18_CA 0_PD",
        "0_PD 3_TS 21_FRA 0_PD",
        "0_PD 10_USA 18_CA 0_PD",
        "0_PD 14_CT 11_MI 0_PD",
        "0_PD 16_Ten155 14_CT 0_PD",
        "0_PD 4_FI 3_TS 0_PD",
        "0_PD 22_BA 7_GE 0_PD",
        "0_PD 21_FRA 11_MI 0_PD",
        "0_PD 4_FI 2_PA 0_PD",
        "0_PD 6_TO 4_FI 0_PD",
        "0_PD 15_PI 8_BO 0_PD",
        "0_PD 17_USA 8_BO 0_PD",
        "0_PD 17_USA 12_RM 0_PD",
        "0_PD 22_BA 20_AQ 0_PD",
        "0_PD 17_USA 15_PI 0_PD"
    ],
    "values": [
        22,
        20,
        19,
        18,
        17,
        15,
        15,
        15,
        13,
        13,
        12.5,
        12.5,
        12.333333333333336,
        12,
        11.66666666666667,
        11.5,
        11,
        11,
        10.75,
        9.75,
        9.75,
        9.5,
        9.333333333333336,
        9.000000000000004
    ],
    "initialCoverSeg": 4,
    "greedyCoverSize": 11,
    "runtime": 32479297,
    "lpBound": 9.000000000000004,
    "lpSolution": [
        {
            "x": 0,
            "cycle": "0_PD 1_MI 0_PD 0_PD"
        },
        {
            "x": 0,
            "cycle": "0_PD 3_TS 0_PD 0_PD"
        },
        {
            "x": 0,
            "cycle": "0_PD 6_TO 0_PD 0_PD"
        },
        {
            "x": 0,
            "cycle": "0_PD 7_GE 0_PD 0_PD"
        },
        {
            "x": 0,
            "cycle": "0_PD 11_MI 0_PD 0_PD"
        },
        {
            "x": 0,
            "cycle": "0_PD 1_MI 2_PA 0_PD"
        },
        {
            "x": 0,
            "cycle": "0_PD 16_Ten155 0_PD 0_PD"
        },
        {
            "x": 0,
            "cycle": "0_PD 17_USA 0_PD 0_PD"
        },
        {
            "x": 0,
            "cycle": "0_PD 1_MI 12_RM 0_PD"
        },
        {
            "x": 0,
            "cycle": "0_PD 4_FI 0_PD 0_PD"
        },
        {
            "x": 0,
            "cycle": "0_PD 8_BO 0_PD 0_PD"
        },
        {
            "x": 0,
            "cycle": "0_PD 2_PA 0_PD 0_PD"
        },
        {
            "x": 0,
            "cycle": "0_PD 15_PI 0_PD 0_PD"
        },
        {
            "x": 0,
            "cycle": "0_PD 12_RM 0_PD 0_PD"
        },
        {
            "x": 0,
            "cycle": "0_PD 9_NA 0_PD 0_PD"
        },
        {
            "x": 0,
            "cycle": "0_PD 10_USA 0_PD 0_PD"
        },
        {
            "x": 0,
            "cycle": "0_PD 2_PA 1_MI 0_PD"
        },
        {
            "x": 0,
            "cycle": "0_PD 14_CT 0_PD 0_PD"
        },
        {
            "x": 0.6666666666666667,
            "cycle": "0_PD 2_PA 12_RM 0_PD"
        },
        {
            "x": 0,
            "cycle": "0_PD 22_BA 0_PD 0_PD"
        },
        {
            "x": 0,
            "cycle": "0_PD 18_CA 0_PD 0_PD"
        },
        {
            "x": 0,
            "cycle": "0_PD 12_RM 1_MI 0_PD"
        },
        {
            "x": 0,
            "cycle": "0_PD 12_RM 2_PA 0_PD"
        },
        {
            "x": 0,
            "cycle": "0_PD 20_AQ 0_PD 0_PD"
        },
        {
            "x": 0,
            "cycle": "0_PD 21_FRA 0_PD 0_PD"
        },
        {
            "x": 0,
            "cycle": "0_PD 9_NA 3_TS 0_PD"
        },
        {
            "x": 0.6666666666666666,
            "cycle": "0_PD 10_USA 6_TO 0_PD"
        },
        {
            "x": 0,
            "cycle": "0_PD 18_CA 3_TS 0_PD"
        },
        {
            "x": 0.3333333333333333,
            "cycle": "0_PD 20_AQ 7_GE 0_PD"
        },
        {
            "x": 0.33333333333333337,
            "cycle": "0_PD 11_MI 9_NA 0_PD"
        },
        {
            "x": 0.6666666666666666,
            "cycle": "0_PD 18_CA 9_NA 0_PD"
        },
        {
            "x": 0.33333333333333337,
            "cycle": "0_PD 20_AQ 10_USA 0_PD"
        },
        {
            "x": 0,
            "cycle": "0_PD 21_FRA 14_CT 0_PD"
        },
        {
            "x": 0.33333333333333337,
            "cycle": "0_PD 6_TO 18_CA 0_PD"
        },
        {
            "x": 0.3333333333333333,
            "cycle": "0_PD 3_TS 21_FRA 0_PD"
        },
        {
            "x": 0,
            "cycle": "0_PD 10_USA 18_CA 0_PD"
        },
        {
            "x": 0,
            "cycle": "0_PD 14_CT 11_MI 0_PD"
        },
        {
            "x": 1,
            "cycle": "0_PD 16_Ten155 14_CT 0_PD"
        },
        {
            "x": 0.6666666666666667,
            "cycle": "0_PD 4_FI 3_TS 0_PD"
        },
        {
            "x": 0.6666666666666667,
            "cycle": "0_PD 22_BA 7_GE 0_PD"
        },
        {
            "x": 0.6666666666666667,
            "cycle": "0_PD 21_FRA 11_MI 0_PD"
        },
        {
            "x": 0.33333333333333326,
            "cycle": "0_PD 4_FI 2_PA 0_PD"
        },
        {
            "x": 0,
            "cycle": "0_PD 6_TO 4_FI 0_PD"
        },
        {
            "x": 0.6666666666666666,
            "cycle": "0_PD 15_PI 8_BO 0_PD"
        },
        {
            "x": 0.33333333333333337,
            "cycle": "0_PD 17_USA 8_BO 0_PD"
        },
        {
            "x": 0.33333333333333326,
            "cycle": "0_PD 17_USA 12_RM 0_PD"
        },
        {
            "x": 0.33333333333333326,
            "cycle": "0_PD 22_BA 20_AQ 0_PD"
        },
        {
            "x": 0.33333333333333337,
            "cycle": "0_PD 17_USA 15_PI 0_PD"
        }
    ],
    "greedySolution": [
        "0_PD 2_PA 12_RM 0_PD",
        "0_PD 18_CA 3_TS 0_PD",
        "0_PD 11_MI 9_NA 0_PD",
        "0_PD 20_AQ 10_USA 0_PD",
        "0_PD 21_FRA 14_CT 0_PD",
        "0_PD 16_Ten155 14_CT 0_PD",
        "0_PD 22_BA 7_GE 0_PD",
        "0_PD 6_TO 4_FI 0_PD",
        "0_PD 17_USA 8_BO 0_PD",
        "0_PD 17_USA 12_RM 0_PD",
        "0_PD 17_USA 15_PI 0_PD"
    ]
}