{
    "initialCoverSize": 45,
    "times": [
        1361470,
        2222554,
        3014432,
        3790026,
        4561189,
        5341717,
        6155458,
        6953528,
        7734854,
        8601837,
        9488686,
        10478556,
        11415035,
        12436428,
        13427234,
        14446701,
        15411534,
        16425321,
        17463282,
        18496726,
        19535949,
        20570128
    ],
    "finalCoverSize": 15,
    "minSegCycles": [
        "0_PD 1_MI 0_PD 0_PD",
        "0_PD 3_TS 0_PD 0_PD",
        "0_PD 6_TO 0_PD 0_PD",
        "0_PD 7_GE 0_PD 0_PD",
        "0_PD 10_MI 0_PD 0_PD",
        "0_PD 1_MI 2_PA 0_PD",
        "0_PD 15_Ten155 0_PD 0_PD",
        "0_PD 16_USA 0_PD 0_PD",
        "0_PD 1_MI 11_RM 0_PD",
        "0_PD 4_FI 0_PD 0_PD",
        "0_PD 8_BO 0_PD 0_PD",
        "0_PD 2_PA 0_PD 0_PD",
        "0_PD 14_PI 0_PD 0_PD",
        "0_PD 11_RM 0_PD 0_PD",
        "0_PD 9_NA 0_PD 0_PD",
        "0_PD 2_PA 1_MI 0_PD",
        "0_PD 13_CT 0_PD 0_PD",
        "0_PD 2_PA 11_RM 0_PD",
        "0_PD 21_BA 0_PD 0_PD",
        "0_PD 17_CA 0_PD 0_PD",
        "0_PD 11_RM 1_MI 0_PD",
        "0_PD 11_RM 2_PA 0_PD",
        "0_PD 19_AQ 0_PD 0_PD",
        "0_PD 20_FRA 0_PD 0_PD",
        "0_PD 9_NA 3_TS 0_PD",
        "0_PD 13_CT 6_TO 0_PD",
        "0_PD 17_CA 3_TS 0_PD",
        "0_PD 19_AQ 7_GE 0_PD",
        "0_PD 10_MI 9_NA 0_PD",
        "0_PD 17_CA 9_NA 0_PD",
        "0_PD 19_AQ 13_CT 0_PD",
        "0_PD 3_TS 20_FRA 0_PD",
        "0_PD 6_TO 4_FI 0_PD",
        "0_PD 21_BA 7_GE 0_PD",
        "0_PD 10_MI 17_CA 0_PD",
        "0_PD 21_BA 17_CA 0_PD",
        "0_PD 20_FRA 10_MI 0_PD",
        "0_PD 15_Ten155 2_PA 0_PD",
        "0_PD 8_BO 4_FI 0_PD",
        "0_PD 14_PI 11_RM 0_PD",
        "0_PD 6_TO 3_TS 0_PD",
        "0_PD 15_Ten155 14_PI 0_PD",
        "0_PD 15_Ten155 11_RM 0_PD",
        "0_PD 16_USA 2_PA 0_PD",
        "0_PD 16_USA 11_RM 0_PD"
    ],
    "values": [
        21,
        19,
        18,
        17,
        16,
        14,
        14,
        14,
        12,
        12,
        11,
        11,
        11,
        11,
        10.666666666666666,
        10,
        10,
        9.666666666666666,
        9,
        9,
        8.857142857142858,
        8.5
    ],
    "initialCoverSeg": 4,
    "greedyCoverSize": 10,
    "runtime": 28633309,
    "lpBound": 8.5,
    "lpSolution": [
        {
            "x": 0,
            "cycle": "0_PD 1_MI 0_PD 0_PD"
        },
        {
            "x": 0,
            "cycle": "0_PD 3_TS 0_PD 0_PD"
        },
        {
            "x": 0,
            "cycle": "0_PD 6_TO 0_PD 0_PD"
        },
        {
            "x": 0,
            "cycle": "0_PD 7_GE 0_PD 0_PD"
        },
        {
            "x": 0,
            "cycle": "0_PD 10_MI 0_PD 0_PD"
        },
        {
            "x": 0,
            "cycle": "0_PD 1_MI 2_PA 0_PD"
        },
        {
            "x": 0,
            "cycle": "0_PD 15_Ten155 0_PD 0_PD"
        },
        {
            "x": 0,
            "cycle": "0_PD 16_USA 0_PD 0_PD"
        },
        {
            "x": 0,
            "cycle": "0_PD 1_MI 11_RM 0_PD"
        },
        {
            "x": 0,
            "cycle": "0_PD 4_FI 0_PD 0_PD"
        },
        {
            "x": 0,
            "cycle": "0_PD 8_BO 0_PD 0_PD"
        },
        {
            "x": 0,
            "cycle": "0_PD 2_PA 0_PD 0_PD"
        },
        {
            "x": 0,
            "cycle": "0_PD 14_PI 0_PD 0_PD"
        },
        {
            "x": 0,
            "cycle": "0_PD 11_RM 0_PD 0_PD"
        },
        {
            "x": 0,
            "cycle": "0_PD 9_NA 0_PD 0_PD"
        },
        {
            "x": 0,
            "cycle": "0_PD 2_PA 1_MI 0_PD"
        },
        {
            "x": 0,
            "cycle": "0_PD 13_CT 0_PD 0_PD"
        },
        {
            "x": 0.5,
            "cycle": "0_PD 2_PA 11_RM 0_PD"
        },
        {
            "x": 0,
            "cycle": "0_PD 21_BA 0_PD 0_PD"
        },
        {
            "x": 0,
            "cycle": "0_PD 17_CA 0_PD 0_PD"
        },
        {
            "x": 0,
            "cycle": "0_PD 11_RM 1_MI 0_PD"
        },
        {
            "x": 0,
            "cycle": "0_PD 11_RM 2_PA 0_PD"
        },
        {
            "x": 0,
            "cycle": "0_PD 19_AQ 0_PD 0_PD"
        },
        {
            "x": 0,
            "cycle": "0_PD 20_FRA 0_PD 0_PD"
        },
        {
            "x": 0,
            "cycle": "0_PD 9_NA 3_TS 0_PD"
        },
        {
            "x": 0.5,
            "cycle": "0_PD 13_CT 6_TO 0_PD"
        },
        {
            "x": 0,
            "cycle": "0_PD 17_CA 3_TS 0_PD"
        },
        {
            "x": 0.5,
            "cycle": "0_PD 19_AQ 7_GE 0_PD"
        },
        {
            "x": 0.5,
            "cycle": "0_PD 10_MI 9_NA 0_PD"
        },
        {
            "x": 0.5,
            "cycle": "0_PD 17_CA 9_NA 0_PD"
        },
        {
            "x": 0.5,
            "cycle": "0_PD 19_AQ 13_CT 0_PD"
        },
        {
            "x": 0.5,
            "cycle": "0_PD 3_TS 20_FRA 0_PD"
        },
        {
            "x": 0,
            "cycle": "0_PD 6_TO 4_FI 0_PD"
        },
        {
            "x": 0.5,
            "cycle": "0_PD 21_BA 7_GE 0_PD"
        },
        {
            "x": 0,
            "cycle": "0_PD 10_MI 17_CA 0_PD"
        },
        {
            "x": 0.5,
            "cycle": "0_PD 21_BA 17_CA 0_PD"
        },
        {
            "x": 0.5,
            "cycle": "0_PD 20_FRA 10_MI 0_PD"
        },
        {
            "x": 0,
            "cycle": "0_PD 15_Ten155 2_PA 0_PD"
        },
        {
            "x": 1,
            "cycle": "0_PD 8_BO 4_FI 0_PD"
        },
        {
            "x": 0,
            "cycle": "0_PD 14_PI 11_RM 0_PD"
        },
        {
            "x": 0.5,
            "cycle": "0_PD 6_TO 3_TS 0_PD"
        },
        {
            "x": 1,
            "cycle": "0_PD 15_Ten155 14_PI 0_PD"
        },
        {
            "x": 0,
            "cycle": "0_PD 15_Ten155 11_RM 0_PD"
        },
        {
            "x": 0.5,
            "cycle": "0_PD 16_USA 2_PA 0_PD"
        },
        {
            "x": 0.5,
            "cycle": "0_PD 16_USA 11_RM 0_PD"
        }
    ],
    "greedySolution": [
        "0_PD 2_PA 11_RM 0_PD",
        "0_PD 17_CA 3_TS 0_PD",
        "0_PD 10_MI 9_NA 0_PD",
        "0_PD 19_AQ 13_CT 0_PD",
        "0_PD 3_TS 20_FRA 0_PD",
        "0_PD 6_TO 4_FI 0_PD",
        "0_PD 21_BA 7_GE 0_PD",
        "0_PD 8_BO 4_FI 0_PD",
        "0_PD 15_Ten155 14_PI 0_PD",
        "0_PD 16_USA 11_RM 0_PD"
    ]
}